Page,IliadLine
urn:cite2:hmt:msApages.v1:12v,urn:cts:greekLit:tlg0012.tlg001.msA:1.33
urn:cite2:hmt:msApages.v1:12v,urn:cts:greekLit:tlg0012.tlg001.msA:1.43
urn:cite2:hmt:msApages.v1:13r,urn:cts:greekLit:tlg0012.tlg001.msA:1.53
urn:cite2:hmt:msApages.v1:13r,urn:cts:greekLit:tlg0012.tlg001.msA:1.59
urn:cite2:hmt:msApages.v1:13r,urn:cts:greekLit:tlg0012.tlg001.msA:1.68
urn:cite2:hmt:msApages.v1:13r,urn:cts:greekLit:tlg0012.tlg001.msA:1.74
urn:cite2:hmt:msApages.v1:13v,urn:cts:greekLit:tlg0012.tlg001.msA:1.76
urn:cite2:hmt:msApages.v1:13v,urn:cts:greekLit:tlg0012.tlg001.msA:1.85
urn:cite2:hmt:msApages.v1:14r,urn:cts:greekLit:tlg0012.tlg001.msA:1.106
urn:cite2:hmt:msApages.v1:14r,urn:cts:greekLit:tlg0012.tlg001.msA:1.121
urn:cite2:hmt:msApages.v1:14v,urn:cts:greekLit:tlg0012.tlg001.msA:1.130
urn:cite2:hmt:msApages.v1:14v,urn:cts:greekLit:tlg0012.tlg001.msA:1.148
urn:cite2:hmt:msApages.v1:15r,urn:cts:greekLit:tlg0012.tlg001.msA:1.172
urn:cite2:hmt:msApages.v1:15v,urn:cts:greekLit:tlg0012.tlg001.msA:1.188
urn:cite2:hmt:msApages.v1:16r,urn:cts:greekLit:tlg0012.tlg001.msA:1.206
urn:cite2:hmt:msApages.v1:16r,urn:cts:greekLit:tlg0012.tlg001.msA:1.215
urn:cite2:hmt:msApages.v1:16r,urn:cts:greekLit:tlg0012.tlg001.msA:1.219
urn:cite2:hmt:msApages.v1:16r,urn:cts:greekLit:tlg0012.tlg001.msA:1.223
urn:cite2:hmt:msApages.v1:16v,urn:cts:greekLit:tlg0012.tlg001.msA:1.246
urn:cite2:hmt:msApages.v1:16v,urn:cts:greekLit:tlg0012.tlg001.msA:1.249
urn:cite2:hmt:msApages.v1:17r,urn:cts:greekLit:tlg0012.tlg001.msA:1.254
urn:cite2:hmt:msApages.v1:17v,urn:cts:greekLit:tlg0012.tlg001.msA:1.286
urn:cite2:hmt:msApages.v1:17v,urn:cts:greekLit:tlg0012.tlg001.msA:1.292
urn:cite2:hmt:msApages.v1:18r,urn:cts:greekLit:tlg0012.tlg001.msA:1.304
urn:cite2:hmt:msApages.v1:18r,urn:cts:greekLit:tlg0012.tlg001.msA:1.318
urn:cite2:hmt:msApages.v1:18r,urn:cts:greekLit:tlg0012.tlg001.msA:1.326
urn:cite2:hmt:msApages.v1:18v,urn:cts:greekLit:tlg0012.tlg001.msA:1.334
urn:cite2:hmt:msApages.v1:18v,urn:cts:greekLit:tlg0012.tlg001.msA:1.346
urn:cite2:hmt:msApages.v1:19r,urn:cts:greekLit:tlg0012.tlg001.msA:1.357
urn:cite2:hmt:msApages.v1:19r,urn:cts:greekLit:tlg0012.tlg001.msA:1.362
urn:cite2:hmt:msApages.v1:19r,urn:cts:greekLit:tlg0012.tlg001.msA:1.364
urn:cite2:hmt:msApages.v1:20r,urn:cts:greekLit:tlg0012.tlg001.msA:1.413
urn:cite2:hmt:msApages.v1:20v,urn:cts:greekLit:tlg0012.tlg001.msA:1.428
urn:cite2:hmt:msApages.v1:20v,urn:cts:greekLit:tlg0012.tlg001.msA:1.442
urn:cite2:hmt:msApages.v1:20v,urn:cts:greekLit:tlg0012.tlg001.msA:1.446
urn:cite2:hmt:msApages.v1:21r,urn:cts:greekLit:tlg0012.tlg001.msA:1.457
urn:cite2:hmt:msApages.v1:21v,urn:cts:greekLit:tlg0012.tlg001.msA:1.484
urn:cite2:hmt:msApages.v1:21v,urn:cts:greekLit:tlg0012.tlg001.msA:1.488
urn:cite2:hmt:msApages.v1:21v,urn:cts:greekLit:tlg0012.tlg001.msA:1.493
urn:cite2:hmt:msApages.v1:22r,urn:cts:greekLit:tlg0012.tlg001.msA:1.503
urn:cite2:hmt:msApages.v1:22r,urn:cts:greekLit:tlg0012.tlg001.msA:1.511
urn:cite2:hmt:msApages.v1:22r,urn:cts:greekLit:tlg0012.tlg001.msA:1.514
urn:cite2:hmt:msApages.v1:22r,urn:cts:greekLit:tlg0012.tlg001.msA:1.517
urn:cite2:hmt:msApages.v1:22v,urn:cts:greekLit:tlg0012.tlg001.msA:1.528
urn:cite2:hmt:msApages.v1:22v,urn:cts:greekLit:tlg0012.tlg001.msA:1.540
urn:cite2:hmt:msApages.v1:22v,urn:cts:greekLit:tlg0012.tlg001.msA:1.544
urn:cite2:hmt:msApages.v1:22v,urn:cts:greekLit:tlg0012.tlg001.msA:1.545
urn:cite2:hmt:msApages.v1:22v,urn:cts:greekLit:tlg0012.tlg001.msA:1.551
urn:cite2:hmt:msApages.v1:23r,urn:cts:greekLit:tlg0012.tlg001.msA:1.560
urn:cite2:hmt:msApages.v1:23r,urn:cts:greekLit:tlg0012.tlg001.msA:1.568
urn:cite2:hmt:msApages.v1:23r,urn:cts:greekLit:tlg0012.tlg001.msA:1.573
urn:cite2:hmt:msApages.v1:23v,urn:cts:greekLit:tlg0012.tlg001.msA:1.584
urn:cite2:hmt:msApages.v1:23v,urn:cts:greekLit:tlg0012.tlg001.msA:1.586
urn:cite2:hmt:msApages.v1:23v,urn:cts:greekLit:tlg0012.tlg001.msA:1.595
urn:cite2:hmt:msApages.v1:24r,urn:cts:greekLit:tlg0012.tlg001.msA:2.8
urn:cite2:hmt:msApages.v1:24v,urn:cts:greekLit:tlg0012.tlg001.msA:2.17
urn:cite2:hmt:msApages.v1:24v,urn:cts:greekLit:tlg0012.tlg001.msA:2.24
urn:cite2:hmt:msApages.v1:24v,urn:cts:greekLit:tlg0012.tlg001.msA:2.36
urn:cite2:hmt:msApages.v1:25r,urn:cts:greekLit:tlg0012.tlg001.msA:2.48
urn:cite2:hmt:msApages.v1:25r,urn:cts:greekLit:tlg0012.tlg001.msA:2.56
urn:cite2:hmt:msApages.v1:25v,urn:cts:greekLit:tlg0012.tlg001.msA:2.84
urn:cite2:hmt:msApages.v1:26r,urn:cts:greekLit:tlg0012.tlg001.msA:2.87
urn:cite2:hmt:msApages.v1:26r,urn:cts:greekLit:tlg0012.tlg001.msA:2.110
urn:cite2:hmt:msApages.v1:27r,urn:cts:greekLit:tlg0012.tlg001.msA:2.142
urn:cite2:hmt:msApages.v1:27r,urn:cts:greekLit:tlg0012.tlg001.msA:2.157
urn:cite2:hmt:msApages.v1:27v,urn:cts:greekLit:tlg0012.tlg001.msA:2.166
urn:cite2:hmt:msApages.v1:27v,urn:cts:greekLit:tlg0012.tlg001.msA:2.173
urn:cite2:hmt:msApages.v1:27v,urn:cts:greekLit:tlg0012.tlg001.msA:2.182
urn:cite2:hmt:msApages.v1:28r,urn:cts:greekLit:tlg0012.tlg001.msA:2.190
urn:cite2:hmt:msApages.v1:28r,urn:cts:greekLit:tlg0012.tlg001.msA:2.200
urn:cite2:hmt:msApages.v1:28r,urn:cts:greekLit:tlg0012.tlg001.msA:2.207
urn:cite2:hmt:msApages.v1:28v,urn:cts:greekLit:tlg0012.tlg001.msA:2.225
urn:cite2:hmt:msApages.v1:29r,urn:cts:greekLit:tlg0012.tlg001.msA:2.243
urn:cite2:hmt:msApages.v1:29v,urn:cts:greekLit:tlg0012.tlg001.msA:2.266
urn:cite2:hmt:msApages.v1:29v,urn:cts:greekLit:tlg0012.tlg001.msA:2.278
urn:cite2:hmt:msApages.v1:29v,urn:cts:greekLit:tlg0012.tlg001.msA:2.284
urn:cite2:hmt:msApages.v1:30r,urn:cts:greekLit:tlg0012.tlg001.msA:2.291
urn:cite2:hmt:msApages.v1:30r,urn:cts:greekLit:tlg0012.tlg001.msA:2.299
urn:cite2:hmt:msApages.v1:30v,urn:cts:greekLit:tlg0012.tlg001.msA:2.319
urn:cite2:hmt:msApages.v1:30v,urn:cts:greekLit:tlg0012.tlg001.msA:2.323
urn:cite2:hmt:msApages.v1:30v,urn:cts:greekLit:tlg0012.tlg001.msA:2.333
urn:cite2:hmt:msApages.v1:30v,urn:cts:greekLit:tlg0012.tlg001.msA:2.337
urn:cite2:hmt:msApages.v1:31v,urn:cts:greekLit:tlg0012.tlg001.msA:2.369
urn:cite2:hmt:msApages.v1:32r,urn:cts:greekLit:tlg0012.tlg001.msA:2.394
urn:cite2:hmt:msApages.v1:32r,urn:cts:greekLit:tlg0012.tlg001.msA:2.412
urn:cite2:hmt:msApages.v1:32v,urn:cts:greekLit:tlg0012.tlg001.msA:2.419
urn:cite2:hmt:msApages.v1:32v,urn:cts:greekLit:tlg0012.tlg001.msA:2.434
urn:cite2:hmt:msApages.v1:33r,urn:cts:greekLit:tlg0012.tlg001.msA:2.441
urn:cite2:hmt:msApages.v1:33r,urn:cts:greekLit:tlg0012.tlg001.msA:2.455
urn:cite2:hmt:msApages.v1:33r,urn:cts:greekLit:tlg0012.tlg001.msA:2.459
urn:cite2:hmt:msApages.v1:33v,urn:cts:greekLit:tlg0012.tlg001.msA:2.469
urn:cite2:hmt:msApages.v1:33v,urn:cts:greekLit:tlg0012.tlg001.msA:2.479
urn:cite2:hmt:msApages.v1:33v,urn:cts:greekLit:tlg0012.tlg001.msA:2.480
urn:cite2:hmt:msApages.v1:33v,urn:cts:greekLit:tlg0012.tlg001.msA:2.484
urn:cite2:hmt:msApages.v1:34r,urn:cts:greekLit:tlg0012.tlg001.msA:2.508
urn:cite2:hmt:msApages.v1:34v,urn:cts:greekLit:tlg0012.tlg001.msA:2.516
urn:cite2:hmt:msApages.v1:34v,urn:cts:greekLit:tlg0012.tlg001.msA:2.536
urn:cite2:hmt:msApages.v1:35r,urn:cts:greekLit:tlg0012.tlg001.msA:2.546
urn:cite2:hmt:msApages.v1:35r,urn:cts:greekLit:tlg0012.tlg001.msA:2.557
urn:cite2:hmt:msApages.v1:35r,urn:cts:greekLit:tlg0012.tlg001.msA:2.559
urn:cite2:hmt:msApages.v1:35v,urn:cts:greekLit:tlg0012.tlg001.msA:2.569
urn:cite2:hmt:msApages.v1:35v,urn:cts:greekLit:tlg0012.tlg001.msA:2.591
urn:cite2:hmt:msApages.v1:36r,urn:cts:greekLit:tlg0012.tlg001.msA:2.615
urn:cite2:hmt:msApages.v1:36v,urn:cts:greekLit:tlg0012.tlg001.msA:2.638
urn:cite2:hmt:msApages.v1:37r,urn:cts:greekLit:tlg0012.tlg001.msA:2.645
urn:cite2:hmt:msApages.v1:37r,urn:cts:greekLit:tlg0012.tlg001.msA:2.653
urn:cite2:hmt:msApages.v1:37v,urn:cts:greekLit:tlg0012.tlg001.msA:2.671
urn:cite2:hmt:msApages.v1:37v,urn:cts:greekLit:tlg0012.tlg001.msA:2.676
urn:cite2:hmt:msApages.v1:37v,urn:cts:greekLit:tlg0012.tlg001.msA:2.677
urn:cite2:hmt:msApages.v1:37v,urn:cts:greekLit:tlg0012.tlg001.msA:2.681
urn:cite2:hmt:msApages.v1:38r,urn:cts:greekLit:tlg0012.tlg001.msA:2.695
urn:cite2:hmt:msApages.v1:38r,urn:cts:greekLit:tlg0012.tlg001.msA:2.711
urn:cite2:hmt:msApages.v1:38r,urn:cts:greekLit:tlg0012.tlg001.msA:2.716
urn:cite2:hmt:msApages.v1:38v,urn:cts:greekLit:tlg0012.tlg001.msA:2.729
urn:cite2:hmt:msApages.v1:39r,urn:cts:greekLit:tlg0012.tlg001.msA:2.748
urn:cite2:hmt:msApages.v1:39r,urn:cts:greekLit:tlg0012.tlg001.msA:2.756
urn:cite2:hmt:msApages.v1:39r,urn:cts:greekLit:tlg0012.tlg001.msA:2.760
urn:cite2:hmt:msApages.v1:39v,urn:cts:greekLit:tlg0012.tlg001.msA:2.780
urn:cite2:hmt:msApages.v1:40r,urn:cts:greekLit:tlg0012.tlg001.msA:2.796
urn:cite2:hmt:msApages.v1:40r,urn:cts:greekLit:tlg0012.tlg001.msA:2.807
urn:cite2:hmt:msApages.v1:40r,urn:cts:greekLit:tlg0012.tlg001.msA:2.811
urn:cite2:hmt:msApages.v1:40v,urn:cts:greekLit:tlg0012.tlg001.msA:2.819
urn:cite2:hmt:msApages.v1:40v,urn:cts:greekLit:tlg0012.tlg001.msA:2.824
urn:cite2:hmt:msApages.v1:40v,urn:cts:greekLit:tlg0012.tlg001.msA:2.828
urn:cite2:hmt:msApages.v1:40v,urn:cts:greekLit:tlg0012.tlg001.msA:2.835
urn:cite2:hmt:msApages.v1:41r,urn:cts:greekLit:tlg0012.tlg001.msA:2.844
urn:cite2:hmt:msApages.v1:41r,urn:cts:greekLit:tlg0012.tlg001.msA:2.846
urn:cite2:hmt:msApages.v1:41r,urn:cts:greekLit:tlg0012.tlg001.msA:2.848
urn:cite2:hmt:msApages.v1:41r,urn:cts:greekLit:tlg0012.tlg001.msA:2.851
urn:cite2:hmt:msApages.v1:41r,urn:cts:greekLit:tlg0012.tlg001.msA:2.856
urn:cite2:hmt:msApages.v1:41r,urn:cts:greekLit:tlg0012.tlg001.msA:2.858
urn:cite2:hmt:msApages.v1:41r,urn:cts:greekLit:tlg0012.tlg001.msA:2.862
urn:cite2:hmt:msApages.v1:41r,urn:cts:greekLit:tlg0012.tlg001.msA:2.864
urn:cite2:hmt:msApages.v1:41v,urn:cts:greekLit:tlg0012.tlg001.msA:2.867
urn:cite2:hmt:msApages.v1:41v,urn:cts:greekLit:tlg0012.tlg001.msA:2.876
urn:cite2:hmt:msApages.v1:42r,urn:cts:greekLit:tlg0012.tlg001.msA:3.10
urn:cite2:hmt:msApages.v1:42r,urn:cts:greekLit:tlg0012.tlg001.msA:3.15
urn:cite2:hmt:msApages.v1:42v,urn:cts:greekLit:tlg0012.tlg001.msA:3.30
urn:cite2:hmt:msApages.v1:42v,urn:cts:greekLit:tlg0012.tlg001.msA:3.33
urn:cite2:hmt:msApages.v1:42v,urn:cts:greekLit:tlg0012.tlg001.msA:3.39
urn:cite2:hmt:msApages.v1:43r,urn:cts:greekLit:tlg0012.tlg001.msA:3.59
urn:cite2:hmt:msApages.v1:43v,urn:cts:greekLit:tlg0012.tlg001.msA:3.82
urn:cite2:hmt:msApages.v1:43v,urn:cts:greekLit:tlg0012.tlg001.msA:3.84
urn:cite2:hmt:msApages.v1:43v,urn:cts:greekLit:tlg0012.tlg001.msA:3.86
urn:cite2:hmt:msApages.v1:43v,urn:cts:greekLit:tlg0012.tlg001.msA:3.95
urn:cite2:hmt:msApages.v1:43v,urn:cts:greekLit:tlg0012.tlg001.msA:3.97
urn:cite2:hmt:msApages.v1:44r,urn:cts:greekLit:tlg0012.tlg001.msA:3.111
urn:cite2:hmt:msApages.v1:44r,urn:cts:greekLit:tlg0012.tlg001.msA:3.121
urn:cite2:hmt:msApages.v1:44v,urn:cts:greekLit:tlg0012.tlg001.msA:3.130
urn:cite2:hmt:msApages.v1:44v,urn:cts:greekLit:tlg0012.tlg001.msA:3.139
urn:cite2:hmt:msApages.v1:44v,urn:cts:greekLit:tlg0012.tlg001.msA:3.146
urn:cite2:hmt:msApages.v1:45r,urn:cts:greekLit:tlg0012.tlg001.msA:3.156
urn:cite2:hmt:msApages.v1:45r,urn:cts:greekLit:tlg0012.tlg001.msA:3.162
urn:cite2:hmt:msApages.v1:45r,urn:cts:greekLit:tlg0012.tlg001.msA:3.172
urn:cite2:hmt:msApages.v1:45v,urn:cts:greekLit:tlg0012.tlg001.msA:3.182
urn:cite2:hmt:msApages.v1:45v,urn:cts:greekLit:tlg0012.tlg001.msA:3.191
urn:cite2:hmt:msApages.v1:45v,urn:cts:greekLit:tlg0012.tlg001.msA:3.192
urn:cite2:hmt:msApages.v1:45v,urn:cts:greekLit:tlg0012.tlg001.msA:3.200
urn:cite2:hmt:msApages.v1:46r,urn:cts:greekLit:tlg0012.tlg001.msA:3.204
urn:cite2:hmt:msApages.v1:46r,urn:cts:greekLit:tlg0012.tlg001.msA:3.226
urn:cite2:hmt:msApages.v1:46v,urn:cts:greekLit:tlg0012.tlg001.msA:3.229
urn:cite2:hmt:msApages.v1:46v,urn:cts:greekLit:tlg0012.tlg001.msA:3.243
urn:cite2:hmt:msApages.v1:46v,urn:cts:greekLit:tlg0012.tlg001.msA:3.250
urn:cite2:hmt:msApages.v1:47r,urn:cts:greekLit:tlg0012.tlg001.msA:3.259
urn:cite2:hmt:msApages.v1:47r,urn:cts:greekLit:tlg0012.tlg001.msA:3.276
urn:cite2:hmt:msApages.v1:47v,urn:cts:greekLit:tlg0012.tlg001.msA:3.292
urn:cite2:hmt:msApages.v1:47v,urn:cts:greekLit:tlg0012.tlg001.msA:3.298
urn:cite2:hmt:msApages.v1:48r,urn:cts:greekLit:tlg0012.tlg001.msA:3.302
urn:cite2:hmt:msApages.v1:48r,urn:cts:greekLit:tlg0012.tlg001.msA:3.304
urn:cite2:hmt:msApages.v1:48r,urn:cts:greekLit:tlg0012.tlg001.msA:3.310
urn:cite2:hmt:msApages.v1:48r,urn:cts:greekLit:tlg0012.tlg001.msA:3.314
urn:cite2:hmt:msApages.v1:48r,urn:cts:greekLit:tlg0012.tlg001.msA:3.320
urn:cite2:hmt:msApages.v1:48r,urn:cts:greekLit:tlg0012.tlg001.msA:3.324
urn:cite2:hmt:msApages.v1:48v,urn:cts:greekLit:tlg0012.tlg001.msA:3.340
urn:cite2:hmt:msApages.v1:48v,urn:cts:greekLit:tlg0012.tlg001.msA:3.346
urn:cite2:hmt:msApages.v1:48v,urn:cts:greekLit:tlg0012.tlg001.msA:3.351
urn:cite2:hmt:msApages.v1:49r,urn:cts:greekLit:tlg0012.tlg001.msA:3.355
urn:cite2:hmt:msApages.v1:49r,urn:cts:greekLit:tlg0012.tlg001.msA:3.365
urn:cite2:hmt:msApages.v1:49r,urn:cts:greekLit:tlg0012.tlg001.msA:3.369
urn:cite2:hmt:msApages.v1:49v,urn:cts:greekLit:tlg0012.tlg001.msA:3.390
urn:cite2:hmt:msApages.v1:49v,urn:cts:greekLit:tlg0012.tlg001.msA:3.395
urn:cite2:hmt:msApages.v1:50r,urn:cts:greekLit:tlg0012.tlg001.msA:3.414
urn:cite2:hmt:msApages.v1:50r,urn:cts:greekLit:tlg0012.tlg001.msA:3.418
urn:cite2:hmt:msApages.v1:50v,urn:cts:greekLit:tlg0012.tlg001.msA:3.438
urn:cite2:hmt:msApages.v1:50v,urn:cts:greekLit:tlg0012.tlg001.msA:3.447
urn:cite2:hmt:msApages.v1:51r,urn:cts:greekLit:tlg0012.tlg001.msA:3.456
urn:cite2:hmt:msApages.v1:51r,urn:cts:greekLit:tlg0012.tlg001.msA:4.7
urn:cite2:hmt:msApages.v1:51v,urn:cts:greekLit:tlg0012.tlg001.msA:4.20
urn:cite2:hmt:msApages.v1:51v,urn:cts:greekLit:tlg0012.tlg001.msA:4.25
urn:cite2:hmt:msApages.v1:51v,urn:cts:greekLit:tlg0012.tlg001.msA:4.31
urn:cite2:hmt:msApages.v1:52r,urn:cts:greekLit:tlg0012.tlg001.msA:4.51
urn:cite2:hmt:msApages.v1:52v,urn:cts:greekLit:tlg0012.tlg001.msA:4.68
urn:cite2:hmt:msApages.v1:52v,urn:cts:greekLit:tlg0012.tlg001.msA:4.70
urn:cite2:hmt:msApages.v1:52v,urn:cts:greekLit:tlg0012.tlg001.msA:4.73
urn:cite2:hmt:msApages.v1:52v,urn:cts:greekLit:tlg0012.tlg001.msA:4.82
urn:cite2:hmt:msApages.v1:53r,urn:cts:greekLit:tlg0012.tlg001.msA:4.85
urn:cite2:hmt:msApages.v1:53r,urn:cts:greekLit:tlg0012.tlg001.msA:4.93
urn:cite2:hmt:msApages.v1:53r,urn:cts:greekLit:tlg0012.tlg001.msA:4.104
urn:cite2:hmt:msApages.v1:54r,urn:cts:greekLit:tlg0012.tlg001.msA:4.155
urn:cite2:hmt:msApages.v1:55r,urn:cts:greekLit:tlg0012.tlg001.msA:4.184
urn:cite2:hmt:msApages.v1:55r,urn:cts:greekLit:tlg0012.tlg001.msA:4.189
urn:cite2:hmt:msApages.v1:55r,urn:cts:greekLit:tlg0012.tlg001.msA:4.192
urn:cite2:hmt:msApages.v1:55r,urn:cts:greekLit:tlg0012.tlg001.msA:4.198
urn:cite2:hmt:msApages.v1:55r,urn:cts:greekLit:tlg0012.tlg001.msA:4.204
urn:cite2:hmt:msApages.v1:55r,urn:cts:greekLit:tlg0012.tlg001.msA:4.208
urn:cite2:hmt:msApages.v1:56r,urn:cts:greekLit:tlg0012.tlg001.msA:4.234
urn:cite2:hmt:msApages.v1:56r,urn:cts:greekLit:tlg0012.tlg001.msA:4.240
urn:cite2:hmt:msApages.v1:56r,urn:cts:greekLit:tlg0012.tlg001.msA:4.242
urn:cite2:hmt:msApages.v1:56r,urn:cts:greekLit:tlg0012.tlg001.msA:4.250
urn:cite2:hmt:msApages.v1:56r,urn:cts:greekLit:tlg0012.tlg001.msA:4.257
urn:cite2:hmt:msApages.v1:56v,urn:cts:greekLit:tlg0012.tlg001.msA:4.266
urn:cite2:hmt:msApages.v1:56v,urn:cts:greekLit:tlg0012.tlg001.msA:4.272
urn:cite2:hmt:msApages.v1:57r,urn:cts:greekLit:tlg0012.tlg001.msA:4.285
urn:cite2:hmt:msApages.v1:57r,urn:cts:greekLit:tlg0012.tlg001.msA:4.292
urn:cite2:hmt:msApages.v1:57v,urn:cts:greekLit:tlg0012.tlg001.msA:4.313
urn:cite2:hmt:msApages.v1:57v,urn:cts:greekLit:tlg0012.tlg001.msA:4.318
urn:cite2:hmt:msApages.v1:57v,urn:cts:greekLit:tlg0012.tlg001.msA:4.326
urn:cite2:hmt:msApages.v1:58r,urn:cts:greekLit:tlg0012.tlg001.msA:4.338
urn:cite2:hmt:msApages.v1:58r,urn:cts:greekLit:tlg0012.tlg001.msA:4.350
urn:cite2:hmt:msApages.v1:58r,urn:cts:greekLit:tlg0012.tlg001.msA:4.358
urn:cite2:hmt:msApages.v1:58v,urn:cts:greekLit:tlg0012.tlg001.msA:4.364
urn:cite2:hmt:msApages.v1:58v,urn:cts:greekLit:tlg0012.tlg001.msA:4.370
urn:cite2:hmt:msApages.v1:59r,urn:cts:greekLit:tlg0012.tlg001.msA:4.401
urn:cite2:hmt:msApages.v1:59r,urn:cts:greekLit:tlg0012.tlg001.msA:4.404
urn:cite2:hmt:msApages.v1:59v,urn:cts:greekLit:tlg0012.tlg001.msA:4.412
urn:cite2:hmt:msApages.v1:59v,urn:cts:greekLit:tlg0012.tlg001.msA:4.419
urn:cite2:hmt:msApages.v1:59v,urn:cts:greekLit:tlg0012.tlg001.msA:4.422
urn:cite2:hmt:msApages.v1:61v,urn:cts:greekLit:tlg0012.tlg001.msA:4.509
urn:cite2:hmt:msApages.v1:62r,urn:cts:greekLit:tlg0012.tlg001.msA:4.514
urn:cite2:hmt:msApages.v1:62v,urn:cts:greekLit:tlg0012.tlg001.msA:5.8
urn:cite2:hmt:msApages.v1:62v,urn:cts:greekLit:tlg0012.tlg001.msA:5.31
urn:cite2:hmt:msApages.v1:63r,urn:cts:greekLit:tlg0012.tlg001.msA:5.35
urn:cite2:hmt:msApages.v1:63r,urn:cts:greekLit:tlg0012.tlg001.msA:5.49
urn:cite2:hmt:msApages.v1:63v,urn:cts:greekLit:tlg0012.tlg001.msA:5.69
urn:cite2:hmt:msApages.v1:63v,urn:cts:greekLit:tlg0012.tlg001.msA:5.76
urn:cite2:hmt:msApages.v1:63v,urn:cts:greekLit:tlg0012.tlg001.msA:5.84
urn:cite2:hmt:msApages.v1:64r,urn:cts:greekLit:tlg0012.tlg001.msA:5.102
urn:cite2:hmt:msApages.v1:64v,urn:cts:greekLit:tlg0012.tlg001.msA:5.111
urn:cite2:hmt:msApages.v1:64v,urn:cts:greekLit:tlg0012.tlg001.msA:5.115
urn:cite2:hmt:msApages.v1:64v,urn:cts:greekLit:tlg0012.tlg001.msA:5.121
urn:cite2:hmt:msApages.v1:64v,urn:cts:greekLit:tlg0012.tlg001.msA:5.124
urn:cite2:hmt:msApages.v1:64v,urn:cts:greekLit:tlg0012.tlg001.msA:5.133
urn:cite2:hmt:msApages.v1:65v,urn:cts:greekLit:tlg0012.tlg001.msA:5.161
urn:cite2:hmt:msApages.v1:65v,urn:cts:greekLit:tlg0012.tlg001.msA:5.171
urn:cite2:hmt:msApages.v1:65v,urn:cts:greekLit:tlg0012.tlg001.msA:5.180
urn:cite2:hmt:msApages.v1:66v,urn:cts:greekLit:tlg0012.tlg001.msA:5.218
urn:cite2:hmt:msApages.v1:66v,urn:cts:greekLit:tlg0012.tlg001.msA:5.230
urn:cite2:hmt:msApages.v1:67r,urn:cts:greekLit:tlg0012.tlg001.msA:5.239
urn:cite2:hmt:msApages.v1:67r,urn:cts:greekLit:tlg0012.tlg001.msA:5.243
urn:cite2:hmt:msApages.v1:67r,urn:cts:greekLit:tlg0012.tlg001.msA:5.252
urn:cite2:hmt:msApages.v1:67v,urn:cts:greekLit:tlg0012.tlg001.msA:5.277
urn:cite2:hmt:msApages.v1:67v,urn:cts:greekLit:tlg0012.tlg001.msA:5.280
urn:cite2:hmt:msApages.v1:67v,urn:cts:greekLit:tlg0012.tlg001.msA:5.284
urn:cite2:hmt:msApages.v1:68r,urn:cts:greekLit:tlg0012.tlg001.msA:5.287
urn:cite2:hmt:msApages.v1:68r,urn:cts:greekLit:tlg0012.tlg001.msA:5.290
urn:cite2:hmt:msApages.v1:75r,urn:cts:greekLit:tlg0012.tlg001.msA:5.655
urn:cite2:hmt:msApages.v1:75v,urn:cts:greekLit:tlg0012.tlg001.msA:5.684
urn:cite2:hmt:msApages.v1:76r,urn:cts:greekLit:tlg0012.tlg001.msA:5.689
urn:cite2:hmt:msApages.v1:76r,urn:cts:greekLit:tlg0012.tlg001.msA:5.699
urn:cite2:hmt:msApages.v1:76v,urn:cts:greekLit:tlg0012.tlg001.msA:5.714
urn:cite2:hmt:msApages.v1:76v,urn:cts:greekLit:tlg0012.tlg001.msA:5.719
urn:cite2:hmt:msApages.v1:77r,urn:cts:greekLit:tlg0012.tlg001.msA:5.757
urn:cite2:hmt:msApages.v1:77v,urn:cts:greekLit:tlg0012.tlg001.msA:5.765
urn:cite2:hmt:msApages.v1:77v,urn:cts:greekLit:tlg0012.tlg001.msA:5.767
urn:cite2:hmt:msApages.v1:78r,urn:cts:greekLit:tlg0012.tlg001.msA:5.787
urn:cite2:hmt:msApages.v1:78r,urn:cts:greekLit:tlg0012.tlg001.msA:5.792
urn:cite2:hmt:msApages.v1:78r,urn:cts:greekLit:tlg0012.tlg001.msA:5.800
urn:cite2:hmt:msApages.v1:78v,urn:cts:greekLit:tlg0012.tlg001.msA:5.815
urn:cite2:hmt:msApages.v1:78v,urn:cts:greekLit:tlg0012.tlg001.msA:5.826
urn:cite2:hmt:msApages.v1:78v,urn:cts:greekLit:tlg0012.tlg001.msA:5.835
urn:cite2:hmt:msApages.v1:79v,urn:cts:greekLit:tlg0012.tlg001.msA:5.872
urn:cite2:hmt:msApages.v1:80r,urn:cts:greekLit:tlg0012.tlg001.msA:5.888
urn:cite2:hmt:msApages.v1:80r,urn:cts:greekLit:tlg0012.tlg001.msA:5.899
urn:cite2:hmt:msApages.v1:81r,urn:cts:greekLit:tlg0012.tlg001.msA:6.46
urn:cite2:hmt:msApages.v1:81v,urn:cts:greekLit:tlg0012.tlg001.msA:6.55
urn:cite2:hmt:msApages.v1:81v,urn:cts:greekLit:tlg0012.tlg001.msA:6.61
urn:cite2:hmt:msApages.v1:81v,urn:cts:greekLit:tlg0012.tlg001.msA:6.67
urn:cite2:hmt:msApages.v1:81v,urn:cts:greekLit:tlg0012.tlg001.msA:6.72
urn:cite2:hmt:msApages.v1:82r,urn:cts:greekLit:tlg0012.tlg001.msA:6.77
urn:cite2:hmt:msApages.v1:82v,urn:cts:greekLit:tlg0012.tlg001.msA:6.102
urn:cite2:hmt:msApages.v1:82v,urn:cts:greekLit:tlg0012.tlg001.msA:6.111
urn:cite2:hmt:msApages.v1:82v,urn:cts:greekLit:tlg0012.tlg001.msA:6.116
urn:cite2:hmt:msApages.v1:82v,urn:cts:greekLit:tlg0012.tlg001.msA:6.123
urn:cite2:hmt:msApages.v1:83r,urn:cts:greekLit:tlg0012.tlg001.msA:6.145
urn:cite2:hmt:msApages.v1:84v,urn:cts:greekLit:tlg0012.tlg001.msA:6.212
urn:cite2:hmt:msApages.v1:84v,urn:cts:greekLit:tlg0012.tlg001.msA:6.215
urn:cite2:hmt:msApages.v1:85r,urn:cts:greekLit:tlg0012.tlg001.msA:6.232
urn:cite2:hmt:msApages.v1:85r,urn:cts:greekLit:tlg0012.tlg001.msA:6.237
urn:cite2:hmt:msApages.v1:85r,urn:cts:greekLit:tlg0012.tlg001.msA:6.254
urn:cite2:hmt:msApages.v1:85v,urn:cts:greekLit:tlg0012.tlg001.msA:6.264
urn:cite2:hmt:msApages.v1:86r,urn:cts:greekLit:tlg0012.tlg001.msA:6.286
urn:cite2:hmt:msApages.v1:86r,urn:cts:greekLit:tlg0012.tlg001.msA:6.305
urn:cite2:hmt:msApages.v1:86v,urn:cts:greekLit:tlg0012.tlg001.msA:6.311
urn:cite2:hmt:msApages.v1:86v,urn:cts:greekLit:tlg0012.tlg001.msA:6.326
urn:cite2:hmt:msApages.v1:87r,urn:cts:greekLit:tlg0012.tlg001.msA:6.333
urn:cite2:hmt:msApages.v1:87r,urn:cts:greekLit:tlg0012.tlg001.msA:6.344
urn:cite2:hmt:msApages.v1:87v,urn:cts:greekLit:tlg0012.tlg001.msA:6.360
urn:cite2:hmt:msApages.v1:87v,urn:cts:greekLit:tlg0012.tlg001.msA:6.369
urn:cite2:hmt:msApages.v1:87v,urn:cts:greekLit:tlg0012.tlg001.msA:6.376
urn:cite2:hmt:msApages.v1:88r,urn:cts:greekLit:tlg0012.tlg001.msA:6.391
urn:cite2:hmt:msApages.v1:88v,urn:cts:greekLit:tlg0012.tlg001.msA:6.408
urn:cite2:hmt:msApages.v1:89r,urn:cts:greekLit:tlg0012.tlg001.msA:6.442
urn:cite2:hmt:msApages.v1:89v,urn:cts:greekLit:tlg0012.tlg001.msA:6.467
urn:cite2:hmt:msApages.v1:89v,urn:cts:greekLit:tlg0012.tlg001.msA:6.477
urn:cite2:hmt:msApages.v1:90r,urn:cts:greekLit:tlg0012.tlg001.msA:6.483
urn:cite2:hmt:msApages.v1:90r,urn:cts:greekLit:tlg0012.tlg001.msA:6.487
urn:cite2:hmt:msApages.v1:90r,urn:cts:greekLit:tlg0012.tlg001.msA:6.495
urn:cite2:hmt:msApages.v1:90v,urn:cts:greekLit:tlg0012.tlg001.msA:6.521
urn:cite2:hmt:msApages.v1:91r,urn:cts:greekLit:tlg0012.tlg001.msA:7.4
urn:cite2:hmt:msApages.v1:91r,urn:cts:greekLit:tlg0012.tlg001.msA:7.24
urn:cite2:hmt:msApages.v1:91v,urn:cts:greekLit:tlg0012.tlg001.msA:7.34
urn:cite2:hmt:msApages.v1:92r,urn:cts:greekLit:tlg0012.tlg001.msA:7.54
urn:cite2:hmt:msApages.v1:92r,urn:cts:greekLit:tlg0012.tlg001.msA:7.67
urn:cite2:hmt:msApages.v1:92v,urn:cts:greekLit:tlg0012.tlg001.msA:7.91
urn:cite2:hmt:msApages.v1:92v,urn:cts:greekLit:tlg0012.tlg001.msA:7.96
urn:cite2:hmt:msApages.v1:93r,urn:cts:greekLit:tlg0012.tlg001.msA:7.103
urn:cite2:hmt:msApages.v1:93r,urn:cts:greekLit:tlg0012.tlg001.msA:7.109
urn:cite2:hmt:msApages.v1:93r,urn:cts:greekLit:tlg0012.tlg001.msA:7.120
urn:cite2:hmt:msApages.v1:93r,urn:cts:greekLit:tlg0012.tlg001.msA:7.124
urn:cite2:hmt:msApages.v1:94r,urn:cts:greekLit:tlg0012.tlg001.msA:7.161
urn:cite2:hmt:msApages.v1:94r,urn:cts:greekLit:tlg0012.tlg001.msA:7.171
urn:cite2:hmt:msApages.v1:94r,urn:cts:greekLit:tlg0012.tlg001.msA:7.175
urn:cite2:hmt:msApages.v1:94v,urn:cts:greekLit:tlg0012.tlg001.msA:7.179
urn:cite2:hmt:msApages.v1:94v,urn:cts:greekLit:tlg0012.tlg001.msA:7.181
urn:cite2:hmt:msApages.v1:94v,urn:cts:greekLit:tlg0012.tlg001.msA:7.191
urn:cite2:hmt:msApages.v1:94v,urn:cts:greekLit:tlg0012.tlg001.msA:7.200
urn:cite2:hmt:msApages.v1:95r,urn:cts:greekLit:tlg0012.tlg001.msA:7.206
urn:cite2:hmt:msApages.v1:95v,urn:cts:greekLit:tlg0012.tlg001.msA:7.226
urn:cite2:hmt:msApages.v1:95v,urn:cts:greekLit:tlg0012.tlg001.msA:7.235
urn:cite2:hmt:msApages.v1:95v,urn:cts:greekLit:tlg0012.tlg001.msA:7.244
urn:cite2:hmt:msApages.v1:96v,urn:cts:greekLit:tlg0012.tlg001.msA:7.279
urn:cite2:hmt:msApages.v1:96v,urn:cts:greekLit:tlg0012.tlg001.msA:7.288
urn:cite2:hmt:msApages.v1:97r,urn:cts:greekLit:tlg0012.tlg001.msA:7.303
urn:cite2:hmt:msApages.v1:97v,urn:cts:greekLit:tlg0012.tlg001.msA:7.327
urn:cite2:hmt:msApages.v1:97v,urn:cts:greekLit:tlg0012.tlg001.msA:7.344
urn:cite2:hmt:msApages.v1:97v,urn:cts:greekLit:tlg0012.tlg001.msA:7.348
urn:cite2:hmt:msApages.v1:98r,urn:cts:greekLit:tlg0012.tlg001.msA:7.354
urn:cite2:hmt:msApages.v1:98r,urn:cts:greekLit:tlg0012.tlg001.msA:7.357
urn:cite2:hmt:msApages.v1:98r,urn:cts:greekLit:tlg0012.tlg001.msA:7.365
urn:cite2:hmt:msApages.v1:98r,urn:cts:greekLit:tlg0012.tlg001.msA:7.370
urn:cite2:hmt:msApages.v1:98v,urn:cts:greekLit:tlg0012.tlg001.msA:7.379
urn:cite2:hmt:msApages.v1:98v,urn:cts:greekLit:tlg0012.tlg001.msA:7.398
urn:cite2:hmt:msApages.v1:98v,urn:cts:greekLit:tlg0012.tlg001.msA:7.403
urn:cite2:hmt:msApages.v1:99r,urn:cts:greekLit:tlg0012.tlg001.msA:7.412
urn:cite2:hmt:msApages.v1:99v,urn:cts:greekLit:tlg0012.tlg001.msA:7.446
urn:cite2:hmt:msApages.v1:99v,urn:cts:greekLit:tlg0012.tlg001.msA:7.455
urn:cite2:hmt:msApages.v1:100v,urn:cts:greekLit:tlg0012.tlg001.msA:8.5
urn:cite2:hmt:msApages.v1:100v,urn:cts:greekLit:tlg0012.tlg001.msA:8.10
urn:cite2:hmt:msApages.v1:101r,urn:cts:greekLit:tlg0012.tlg001.msA:8.31
urn:cite2:hmt:msApages.v1:101v,urn:cts:greekLit:tlg0012.tlg001.msA:8.41
urn:cite2:hmt:msApages.v1:102v,urn:cts:greekLit:tlg0012.tlg001.msA:8.93
urn:cite2:hmt:msApages.v1:102v,urn:cts:greekLit:tlg0012.tlg001.msA:8.97
urn:cite2:hmt:msApages.v1:102v,urn:cts:greekLit:tlg0012.tlg001.msA:8.102
urn:cite2:hmt:msApages.v1:102v,urn:cts:greekLit:tlg0012.tlg001.msA:8.112
urn:cite2:hmt:msApages.v1:103r,urn:cts:greekLit:tlg0012.tlg001.msA:8.139
urn:cite2:hmt:msApages.v1:103v,urn:cts:greekLit:tlg0012.tlg001.msA:8.146
urn:cite2:hmt:msApages.v1:103v,urn:cts:greekLit:tlg0012.tlg001.msA:8.152
urn:cite2:hmt:msApages.v1:103v,urn:cts:greekLit:tlg0012.tlg001.msA:8.157
urn:cite2:hmt:msApages.v1:103v,urn:cts:greekLit:tlg0012.tlg001.msA:8.161
urn:cite2:hmt:msApages.v1:104r,urn:cts:greekLit:tlg0012.tlg001.msA:8.173
urn:cite2:hmt:msApages.v1:104r,urn:cts:greekLit:tlg0012.tlg001.msA:8.185
urn:cite2:hmt:msApages.v1:104v,urn:cts:greekLit:tlg0012.tlg001.msA:8.198
urn:cite2:hmt:msApages.v1:104v,urn:cts:greekLit:tlg0012.tlg001.msA:8.201
urn:cite2:hmt:msApages.v1:104v,urn:cts:greekLit:tlg0012.tlg001.msA:8.209
urn:cite2:hmt:msApages.v1:104v,urn:cts:greekLit:tlg0012.tlg001.msA:8.212
urn:cite2:hmt:msApages.v1:105r,urn:cts:greekLit:tlg0012.tlg001.msA:8.228
urn:cite2:hmt:msApages.v1:105r,urn:cts:greekLit:tlg0012.tlg001.msA:8.245
urn:cite2:hmt:msApages.v1:106r,urn:cts:greekLit:tlg0012.tlg001.msA:8.281
urn:cite2:hmt:msApages.v1:106v,urn:cts:greekLit:tlg0012.tlg001.msA:8.300
urn:cite2:hmt:msApages.v1:107v,urn:cts:greekLit:tlg0012.tlg001.msA:8.352
urn:cite2:hmt:msApages.v1:107v,urn:cts:greekLit:tlg0012.tlg001.msA:8.358
urn:cite2:hmt:msApages.v1:108r,urn:cts:greekLit:tlg0012.tlg001.msA:8.399
urn:cite2:hmt:msApages.v1:108v,urn:cts:greekLit:tlg0012.tlg001.msA:8.413
urn:cite2:hmt:msApages.v1:108v,urn:cts:greekLit:tlg0012.tlg001.msA:8.425
urn:cite2:hmt:msApages.v1:109r,urn:cts:greekLit:tlg0012.tlg001.msA:8.427
urn:cite2:hmt:msApages.v1:109r,urn:cts:greekLit:tlg0012.tlg001.msA:8.432
urn:cite2:hmt:msApages.v1:109r,urn:cts:greekLit:tlg0012.tlg001.msA:8.447
urn:cite2:hmt:msApages.v1:109v,urn:cts:greekLit:tlg0012.tlg001.msA:8.457
urn:cite2:hmt:msApages.v1:109v,urn:cts:greekLit:tlg0012.tlg001.msA:8.462
urn:cite2:hmt:msApages.v1:109v,urn:cts:greekLit:tlg0012.tlg001.msA:8.470
urn:cite2:hmt:msApages.v1:110r,urn:cts:greekLit:tlg0012.tlg001.msA:8.497
urn:cite2:hmt:msApages.v1:111r,urn:cts:greekLit:tlg0012.tlg001.msA:8.542
urn:cite2:hmt:msApages.v1:111v,urn:cts:greekLit:tlg0012.tlg001.msA:9.4
urn:cite2:hmt:msApages.v1:112r,urn:cts:greekLit:tlg0012.tlg001.msA:9.17
urn:cite2:hmt:msApages.v1:112r,urn:cts:greekLit:tlg0012.tlg001.msA:9.29
urn:cite2:hmt:msApages.v1:
