urn:cite2:hmt:msA.v1:Page,IliadLine
urn:cite2:hmt:msA.v1:12r,urn:cts:greekLit:tlg0012.tlg001:1.1-1.32
urn:cite2:hmt:msA.v1:12v,urn:cts:greekLit:tlg0012.tlg001:1.33-1.42
urn:cite2:hmt:msA.v1:12v,urn:cts:greekLit:tlg0012.tlg001:1.43-1.52
urn:cite2:hmt:msA.v1:13r,urn:cts:greekLit:tlg0012.tlg001:1.53-1.58
urn:cite2:hmt:msA.v1:13r,urn:cts:greekLit:tlg0012.tlg001:1.59-1.67
urn:cite2:hmt:msA.v1:13r,urn:cts:greekLit:tlg0012.tlg001:1.68-1.73
urn:cite2:hmt:msA.v1:13r,urn:cts:greekLit:tlg0012.tlg001:1.74-1.75
urn:cite2:hmt:msA.v1:13v,urn:cts:greekLit:tlg0012.tlg001:1.76-1.84
urn:cite2:hmt:msA.v1:13v,urn:cts:greekLit:tlg0012.tlg001:1.85-1.105
urn:cite2:hmt:msA.v1:14r,urn:cts:greekLit:tlg0012.tlg001:1.106-1.120
urn:cite2:hmt:msA.v1:14r,urn:cts:greekLit:tlg0012.tlg001:1.121-1.129
urn:cite2:hmt:msA.v1:14v,urn:cts:greekLit:tlg0012.tlg001:1.130-1.147
urn:cite2:hmt:msA.v1:14v,urn:cts:greekLit:tlg0012.tlg001:1.148-1.171
urn:cite2:hmt:msA.v1:15r,urn:cts:greekLit:tlg0012.tlg001:1.172-1.187
urn:cite2:hmt:msA.v1:15v,urn:cts:greekLit:tlg0012.tlg001:1.188-1.205
urn:cite2:hmt:msA.v1:16r,urn:cts:greekLit:tlg0012.tlg001:1.206-1.214
urn:cite2:hmt:msA.v1:16r,urn:cts:greekLit:tlg0012.tlg001:1.215-1.219
urn:cite2:hmt:msA.v1:16r,urn:cts:greekLit:tlg0012.tlg001:1.219-1.222
urn:cite2:hmt:msA.v1:16r,urn:cts:greekLit:tlg0012.tlg001:1.223-1.245
urn:cite2:hmt:msA.v1:16v,urn:cts:greekLit:tlg0012.tlg001:1.246-1.248
urn:cite2:hmt:msA.v1:16v,urn:cts:greekLit:tlg0012.tlg001:1.249-1.253
urn:cite2:hmt:msA.v1:17r,urn:cts:greekLit:tlg0012.tlg001:1.254-1.285
urn:cite2:hmt:msA.v1:17v,urn:cts:greekLit:tlg0012.tlg001:1.286-1.291
urn:cite2:hmt:msA.v1:17v,urn:cts:greekLit:tlg0012.tlg001:1.292-1.303
urn:cite2:hmt:msA.v1:18r,urn:cts:greekLit:tlg0012.tlg001:1.304-1.317
urn:cite2:hmt:msA.v1:18r,urn:cts:greekLit:tlg0012.tlg001:1.318-1.325
urn:cite2:hmt:msA.v1:18r,urn:cts:greekLit:tlg0012.tlg001:1.326-1.333
urn:cite2:hmt:msA.v1:18v,urn:cts:greekLit:tlg0012.tlg001:1.334-1.345
urn:cite2:hmt:msA.v1:18v,urn:cts:greekLit:tlg0012.tlg001:1.346-1.356
urn:cite2:hmt:msA.v1:19r,urn:cts:greekLit:tlg0012.tlg001:1.357-1.361
urn:cite2:hmt:msA.v1:19r,urn:cts:greekLit:tlg0012.tlg001:1.362-1.262
urn:cite2:hmt:msA.v1:19r,urn:cts:greekLit:tlg0012.tlg001:1.364-1.412
urn:cite2:hmt:msA.v1:20r,urn:cts:greekLit:tlg0012.tlg001:1.413-1.427
urn:cite2:hmt:msA.v1:20v,urn:cts:greekLit:tlg0012.tlg001:1.428-1.441
urn:cite2:hmt:msA.v1:20v,urn:cts:greekLit:tlg0012.tlg001:1.442-1.445
urn:cite2:hmt:msA.v1:20v,urn:cts:greekLit:tlg0012.tlg001:1.446-1.456
urn:cite2:hmt:msA.v1:21r,urn:cts:greekLit:tlg0012.tlg001:1.457-1.483
urn:cite2:hmt:msA.v1:21v,urn:cts:greekLit:tlg0012.tlg001:1.484-1.487
urn:cite2:hmt:msA.v1:21v,urn:cts:greekLit:tlg0012.tlg001:1.488-1.492
urn:cite2:hmt:msA.v1:21v,urn:cts:greekLit:tlg0012.tlg001:1.493-1.502
urn:cite2:hmt:msA.v1:22r,urn:cts:greekLit:tlg0012.tlg001:1.503-1.510
urn:cite2:hmt:msA.v1:22r,urn:cts:greekLit:tlg0012.tlg001:1.511-1.513
urn:cite2:hmt:msA.v1:22r,urn:cts:greekLit:tlg0012.tlg001:1.514-1.516
urn:cite2:hmt:msA.v1:22r,urn:cts:greekLit:tlg0012.tlg001:1.517-1.527
urn:cite2:hmt:msA.v1:22v,urn:cts:greekLit:tlg0012.tlg001:1.528-1.539
urn:cite2:hmt:msA.v1:22v,urn:cts:greekLit:tlg0012.tlg001:1.540-1.543
urn:cite2:hmt:msA.v1:22v,urn:cts:greekLit:tlg0012.tlg001:1.544-1.544
urn:cite2:hmt:msA.v1:22v,urn:cts:greekLit:tlg0012.tlg001:1.545-1.550
urn:cite2:hmt:msA.v1:22v,urn:cts:greekLit:tlg0012.tlg001:1.551-1.559
urn:cite2:hmt:msA.v1:23r,urn:cts:greekLit:tlg0012.tlg001:1.560-1.567
urn:cite2:hmt:msA.v1:23r,urn:cts:greekLit:tlg0012.tlg001:1.568-1.572
urn:cite2:hmt:msA.v1:23r,urn:cts:greekLit:tlg0012.tlg001:1.573-1.583
urn:cite2:hmt:msA.v1:23v,urn:cts:greekLit:tlg0012.tlg001:1.584-1.585
urn:cite2:hmt:msA.v1:23v,urn:cts:greekLit:tlg0012.tlg001:1.586-1.594
urn:cite2:hmt:msA.v1:23v,urn:cts:greekLit:tlg0012.tlg001:1.595-1.611
urn:cite2:hmt:msA.v1:24r,urn:cts:greekLit:tlg0012.tlg001:2.1-2.7
urn:cite2:hmt:msA.v1:24r,urn:cts:greekLit:tlg0012.tlg001:2.8-2.16
urn:cite2:hmt:msA.v1:24v,urn:cts:greekLit:tlg0012.tlg001:2.17-2.23
urn:cite2:hmt:msA.v1:24v,urn:cts:greekLit:tlg0012.tlg001:2.24-2.35
urn:cite2:hmt:msA.v1:24v,urn:cts:greekLit:tlg0012.tlg001:2.36-2.47
urn:cite2:hmt:msA.v1:25r,urn:cts:greekLit:tlg0012.tlg001:2.48-2.55
urn:cite2:hmt:msA.v1:25r,urn:cts:greekLit:tlg0012.tlg001:2.56-2.83
urn:cite2:hmt:msA.v1:25v,urn:cts:greekLit:tlg0012.tlg001:2.84-2.86
urn:cite2:hmt:msA.v1:26r,urn:cts:greekLit:tlg0012.tlg001:2.87-2.109
urn:cite2:hmt:msA.v1:26r,urn:cts:greekLit:tlg0012.tlg001:2.110-2.141
urn:cite2:hmt:msA.v1:27r,urn:cts:greekLit:tlg0012.tlg001:2.142-2.156
urn:cite2:hmt:msA.v1:27r,urn:cts:greekLit:tlg0012.tlg001:2.157-2.165
urn:cite2:hmt:msA.v1:27v,urn:cts:greekLit:tlg0012.tlg001:2.166-2.172
urn:cite2:hmt:msA.v1:27v,urn:cts:greekLit:tlg0012.tlg001:2.173-2.181
urn:cite2:hmt:msA.v1:27v,urn:cts:greekLit:tlg0012.tlg001:2.182-2.189
urn:cite2:hmt:msA.v1:28r,urn:cts:greekLit:tlg0012.tlg001:2.190-2.199
urn:cite2:hmt:msA.v1:28r,urn:cts:greekLit:tlg0012.tlg001:2.200-2.206
urn:cite2:hmt:msA.v1:28r,urn:cts:greekLit:tlg0012.tlg001:2.207-2.224
urn:cite2:hmt:msA.v1:28v,urn:cts:greekLit:tlg0012.tlg001:2.225-2.242
urn:cite2:hmt:msA.v1:29r,urn:cts:greekLit:tlg0012.tlg001:2.243-2.265
urn:cite2:hmt:msA.v1:29v,urn:cts:greekLit:tlg0012.tlg001:2.266-2.277
urn:cite2:hmt:msA.v1:29v,urn:cts:greekLit:tlg0012.tlg001:2.278-2.283
urn:cite2:hmt:msA.v1:29v,urn:cts:greekLit:tlg0012.tlg001:2.284-2.290
urn:cite2:hmt:msA.v1:30r,urn:cts:greekLit:tlg0012.tlg001:2.291-2.298
urn:cite2:hmt:msA.v1:30r,urn:cts:greekLit:tlg0012.tlg001:2.299-2.318
urn:cite2:hmt:msA.v1:30v,urn:cts:greekLit:tlg0012.tlg001:2.319-2.322
urn:cite2:hmt:msA.v1:30v,urn:cts:greekLit:tlg0012.tlg001:2.323-2.332
urn:cite2:hmt:msA.v1:30v,urn:cts:greekLit:tlg0012.tlg001:2.333-2.336
urn:cite2:hmt:msA.v1:30v,urn:cts:greekLit:tlg0012.tlg001:2.337-2.366
urn:cite2:hmt:msA.v1:31v,urn:cts:greekLit:tlg0012.tlg001:2.369-2.393
urn:cite2:hmt:msA.v1:32r,urn:cts:greekLit:tlg0012.tlg001:2.394-2.411
urn:cite2:hmt:msA.v1:32r,urn:cts:greekLit:tlg0012.tlg001:2.412-2.418
urn:cite2:hmt:msA.v1:32v,urn:cts:greekLit:tlg0012.tlg001:2.419-2.433
urn:cite2:hmt:msA.v1:32v,urn:cts:greekLit:tlg0012.tlg001:2.434-2.440
urn:cite2:hmt:msA.v1:33r,urn:cts:greekLit:tlg0012.tlg001:2.441-2.454
urn:cite2:hmt:msA.v1:33r,urn:cts:greekLit:tlg0012.tlg001:2.455-2.454
urn:cite2:hmt:msA.v1:33r,urn:cts:greekLit:tlg0012.tlg001:2.459-2.458
urn:cite2:hmt:msA.v1:33v,urn:cts:greekLit:tlg0012.tlg001:2.469-2.278
urn:cite2:hmt:msA.v1:33v,urn:cts:greekLit:tlg0012.tlg001:2.479-2.479
urn:cite2:hmt:msA.v1:33v,urn:cts:greekLit:tlg0012.tlg001:2.480-2.483
urn:cite2:hmt:msA.v1:33v,urn:cts:greekLit:tlg0012.tlg001:2.484-2.507
urn:cite2:hmt:msA.v1:34r,urn:cts:greekLit:tlg0012.tlg001:2.508-2.515
urn:cite2:hmt:msA.v1:34v,urn:cts:greekLit:tlg0012.tlg001:2.516-2.535
urn:cite2:hmt:msA.v1:34v,urn:cts:greekLit:tlg0012.tlg001:2.536-2.545
urn:cite2:hmt:msA.v1:35r,urn:cts:greekLit:tlg0012.tlg001:2.546-2.556
urn:cite2:hmt:msA.v1:35r,urn:cts:greekLit:tlg0012.tlg001:2.557-2.558
urn:cite2:hmt:msA.v1:35r,urn:cts:greekLit:tlg0012.tlg001:2.559-2.568
urn:cite2:hmt:msA.v1:35v,urn:cts:greekLit:tlg0012.tlg001:2.569-2.590
urn:cite2:hmt:msA.v1:35v,urn:cts:greekLit:tlg0012.tlg001:2.591-2.614
urn:cite2:hmt:msA.v1:36r,urn:cts:greekLit:tlg0012.tlg001:2.615-2.637
urn:cite2:hmt:msA.v1:36v,urn:cts:greekLit:tlg0012.tlg001:2.638-2.654
urn:cite2:hmt:msA.v1:37r,urn:cts:greekLit:tlg0012.tlg001:2.645-2.652
urn:cite2:hmt:msA.v1:37r,urn:cts:greekLit:tlg0012.tlg001:2.653-2.670
urn:cite2:hmt:msA.v1:37v,urn:cts:greekLit:tlg0012.tlg001:2.671-2.675
urn:cite2:hmt:msA.v1:37v,urn:cts:greekLit:tlg0012.tlg001:2.676-2.676
urn:cite2:hmt:msA.v1:37v,urn:cts:greekLit:tlg0012.tlg001:2.677-2.680
urn:cite2:hmt:msA.v1:37v,urn:cts:greekLit:tlg0012.tlg001:2.681-2.695
urn:cite2:hmt:msA.v1:38r,urn:cts:greekLit:tlg0012.tlg001:2.695-2.710
urn:cite2:hmt:msA.v1:38r,urn:cts:greekLit:tlg0012.tlg001:2.711-2.715
urn:cite2:hmt:msA.v1:38r,urn:cts:greekLit:tlg0012.tlg001:2.716-2.728
urn:cite2:hmt:msA.v1:38v,urn:cts:greekLit:tlg0012.tlg001:2.729-2.747
urn:cite2:hmt:msA.v1:39r,urn:cts:greekLit:tlg0012.tlg001:2.748-2.755
urn:cite2:hmt:msA.v1:39r,urn:cts:greekLit:tlg0012.tlg001:2.756-2.759
urn:cite2:hmt:msA.v1:39r,urn:cts:greekLit:tlg0012.tlg001:2.760-2.779
urn:cite2:hmt:msA.v1:39v,urn:cts:greekLit:tlg0012.tlg001:2.780-2.795
urn:cite2:hmt:msA.v1:40r,urn:cts:greekLit:tlg0012.tlg001:2.796-2.806
urn:cite2:hmt:msA.v1:40r,urn:cts:greekLit:tlg0012.tlg001:2.807-2.810
urn:cite2:hmt:msA.v1:40r,urn:cts:greekLit:tlg0012.tlg001:2.811-2.818
urn:cite2:hmt:msA.v1:40v,urn:cts:greekLit:tlg0012.tlg001:2.819-2.823
urn:cite2:hmt:msA.v1:40v,urn:cts:greekLit:tlg0012.tlg001:2.824-2.827
urn:cite2:hmt:msA.v1:40v,urn:cts:greekLit:tlg0012.tlg001:2.828-2.834
urn:cite2:hmt:msA.v1:40v,urn:cts:greekLit:tlg0012.tlg001:2.835-2.843
urn:cite2:hmt:msA.v1:41r,urn:cts:greekLit:tlg0012.tlg001:2.844-2.845
urn:cite2:hmt:msA.v1:41r,urn:cts:greekLit:tlg0012.tlg001:2.846-2.847
urn:cite2:hmt:msA.v1:41r,urn:cts:greekLit:tlg0012.tlg001:2.848-2.850
urn:cite2:hmt:msA.v1:41r,urn:cts:greekLit:tlg0012.tlg001:2.851-2.855
urn:cite2:hmt:msA.v1:41r,urn:cts:greekLit:tlg0012.tlg001:2.856-2.857
urn:cite2:hmt:msA.v1:41r,urn:cts:greekLit:tlg0012.tlg001:2.858-2.861
urn:cite2:hmt:msA.v1:41r,urn:cts:greekLit:tlg0012.tlg001:2.862-2.863
urn:cite2:hmt:msA.v1:41r,urn:cts:greekLit:tlg0012.tlg001:2.864-2.866
urn:cite2:hmt:msA.v1:41v,urn:cts:greekLit:tlg0012.tlg001:2.867-2.875
urn:cite2:hmt:msA.v1:41v,urn:cts:greekLit:tlg0012.tlg001:2.876-2.877
urn:cite2:hmt:msA.v1:42r,urn:cts:greekLit:tlg0012.tlg001:3.1-3.9
urn:cite2:hmt:msA.v1:42r,urn:cts:greekLit:tlg0012.tlg001:3.10-3.14
urn:cite2:hmt:msA.v1:42r,urn:cts:greekLit:tlg0012.tlg001:3.15-3.29
urn:cite2:hmt:msA.v1:42v,urn:cts:greekLit:tlg0012.tlg001:3.30-3.32
urn:cite2:hmt:msA.v1:42v,urn:cts:greekLit:tlg0012.tlg001:3.33-3.38
urn:cite2:hmt:msA.v1:42v,urn:cts:greekLit:tlg0012.tlg001:3.39-3.58
urn:cite2:hmt:msA.v1:43r,urn:cts:greekLit:tlg0012.tlg001:3.59-3.81
urn:cite2:hmt:msA.v1:43v,urn:cts:greekLit:tlg0012.tlg001:3.82-3.83
urn:cite2:hmt:msA.v1:43v,urn:cts:greekLit:tlg0012.tlg001:3.84-3.85
urn:cite2:hmt:msA.v1:43v,urn:cts:greekLit:tlg0012.tlg001:3.86-3.94
urn:cite2:hmt:msA.v1:43v,urn:cts:greekLit:tlg0012.tlg001:3.95-3.96
urn:cite2:hmt:msA.v1:43v,urn:cts:greekLit:tlg0012.tlg001:3.97-3.310
urn:cite2:hmt:msA.v1:44r,urn:cts:greekLit:tlg0012.tlg001:3.111-3.120
urn:cite2:hmt:msA.v1:44r,urn:cts:greekLit:tlg0012.tlg001:3.121-3.129
urn:cite2:hmt:msA.v1:44v,urn:cts:greekLit:tlg0012.tlg001:3.130-3.138
urn:cite2:hmt:msA.v1:44v,urn:cts:greekLit:tlg0012.tlg001:3.139-3.145
urn:cite2:hmt:msA.v1:44v,urn:cts:greekLit:tlg0012.tlg001:3.146-3.155
urn:cite2:hmt:msA.v1:45r,urn:cts:greekLit:tlg0012.tlg001:3.156-3.161
urn:cite2:hmt:msA.v1:45r,urn:cts:greekLit:tlg0012.tlg001:3.162-3.171
urn:cite2:hmt:msA.v1:45r,urn:cts:greekLit:tlg0012.tlg001:3.172-3.181
urn:cite2:hmt:msA.v1:45v,urn:cts:greekLit:tlg0012.tlg001:3.182-3.190
urn:cite2:hmt:msA.v1:45v,urn:cts:greekLit:tlg0012.tlg001:3.191-3.191
urn:cite2:hmt:msA.v1:45v,urn:cts:greekLit:tlg0012.tlg001:3.192-3.199
urn:cite2:hmt:msA.v1:45v,urn:cts:greekLit:tlg0012.tlg001:3.200-3.203
urn:cite2:hmt:msA.v1:46r,urn:cts:greekLit:tlg0012.tlg001:3.204-3.225
urn:cite2:hmt:msA.v1:46r,urn:cts:greekLit:tlg0012.tlg001:3.226-3.228
urn:cite2:hmt:msA.v1:46v,urn:cts:greekLit:tlg0012.tlg001:3.229-3.242
urn:cite2:hmt:msA.v1:46v,urn:cts:greekLit:tlg0012.tlg001:3.243-3.249
urn:cite2:hmt:msA.v1:46v,urn:cts:greekLit:tlg0012.tlg001:3.250-3.258
urn:cite2:hmt:msA.v1:47r,urn:cts:greekLit:tlg0012.tlg001:3.259-3.275
urn:cite2:hmt:msA.v1:47r,urn:cts:greekLit:tlg0012.tlg001:3.276-3.291
urn:cite2:hmt:msA.v1:47v,urn:cts:greekLit:tlg0012.tlg001:3.292-3.297
urn:cite2:hmt:msA.v1:47v,urn:cts:greekLit:tlg0012.tlg001:3.298-3.301
urn:cite2:hmt:msA.v1:48r,urn:cts:greekLit:tlg0012.tlg001:3.302-3.303
urn:cite2:hmt:msA.v1:48r,urn:cts:greekLit:tlg0012.tlg001:3.304-3.309
urn:cite2:hmt:msA.v1:48r,urn:cts:greekLit:tlg0012.tlg001:3.310-3.313
urn:cite2:hmt:msA.v1:48r,urn:cts:greekLit:tlg0012.tlg001:3.314-3.319
urn:cite2:hmt:msA.v1:48r,urn:cts:greekLit:tlg0012.tlg001:3.320-3.323
urn:cite2:hmt:msA.v1:48r,urn:cts:greekLit:tlg0012.tlg001:3.324-3.339
urn:cite2:hmt:msA.v1:48v,urn:cts:greekLit:tlg0012.tlg001:3.340-3.345
urn:cite2:hmt:msA.v1:48v,urn:cts:greekLit:tlg0012.tlg001:3.346-3.350
urn:cite2:hmt:msA.v1:48v,urn:cts:greekLit:tlg0012.tlg001:3.351-3.554
urn:cite2:hmt:msA.v1:49r,urn:cts:greekLit:tlg0012.tlg001:3.355-3.364
urn:cite2:hmt:msA.v1:49r,urn:cts:greekLit:tlg0012.tlg001:3.365-3.368
urn:cite2:hmt:msA.v1:49r,urn:cts:greekLit:tlg0012.tlg001:3.369-3.389
urn:cite2:hmt:msA.v1:49v,urn:cts:greekLit:tlg0012.tlg001:3.390-3.394
urn:cite2:hmt:msA.v1:49v,urn:cts:greekLit:tlg0012.tlg001:3.395-3.413
urn:cite2:hmt:msA.v1:50r,urn:cts:greekLit:tlg0012.tlg001:3.414-3.417
urn:cite2:hmt:msA.v1:50r,urn:cts:greekLit:tlg0012.tlg001:3.418-3.437
urn:cite2:hmt:msA.v1:50v,urn:cts:greekLit:tlg0012.tlg001:3.438-3.446
urn:cite2:hmt:msA.v1:50v,urn:cts:greekLit:tlg0012.tlg001:3.447-3.446
urn:cite2:hmt:msA.v1:51r,urn:cts:greekLit:tlg0012.tlg001:3.456-3.455
urn:cite2:hmt:msA.v1:51r,urn:cts:greekLit:tlg0012.tlg001:3.456-461
urn:cite2:hmt:msA.v1:51r,urn:cts:greekLit:tlg0012.tlg001:4.1-4.6
urn:cite2:hmt:msA.v1:51r,urn:cts:greekLit:tlg0012.tlg001:4.7-4.19
urn:cite2:hmt:msA.v1:51v,urn:cts:greekLit:tlg0012.tlg001:4.20-4.24
urn:cite2:hmt:msA.v1:51v,urn:cts:greekLit:tlg0012.tlg001:4.25-4.30
urn:cite2:hmt:msA.v1:51v,urn:cts:greekLit:tlg0012.tlg001:4.31-4.50
urn:cite2:hmt:msA.v1:52r,urn:cts:greekLit:tlg0012.tlg001:4.51-4.67
urn:cite2:hmt:msA.v1:52v,urn:cts:greekLit:tlg0012.tlg001:4.68-4.69
urn:cite2:hmt:msA.v1:52v,urn:cts:greekLit:tlg0012.tlg001:4.70-4.72
urn:cite2:hmt:msA.v1:52v,urn:cts:greekLit:tlg0012.tlg001:4.73-4.81
urn:cite2:hmt:msA.v1:52v,urn:cts:greekLit:tlg0012.tlg001:4.82-4.84
urn:cite2:hmt:msA.v1:53r,urn:cts:greekLit:tlg0012.tlg001:4.85-4.92
urn:cite2:hmt:msA.v1:53r,urn:cts:greekLit:tlg0012.tlg001:4.93-4.103
urn:cite2:hmt:msA.v1:53r,urn:cts:greekLit:tlg0012.tlg001:4.104-4.154
urn:cite2:hmt:msA.v1:54r,urn:cts:greekLit:tlg0012.tlg001:4.155-4.183
urn:cite2:hmt:msA.v1:55r,urn:cts:greekLit:tlg0012.tlg001:4.184-4.188
urn:cite2:hmt:msA.v1:55r,urn:cts:greekLit:tlg0012.tlg001:4.189-4.191
urn:cite2:hmt:msA.v1:55r,urn:cts:greekLit:tlg0012.tlg001:4.192-4.197
urn:cite2:hmt:msA.v1:55r,urn:cts:greekLit:tlg0012.tlg001:4.198-4.203
urn:cite2:hmt:msA.v1:55r,urn:cts:greekLit:tlg0012.tlg001:4.204-4.207
urn:cite2:hmt:msA.v1:55r,urn:cts:greekLit:tlg0012.tlg001:4.208-4.233
urn:cite2:hmt:msA.v1:56r,urn:cts:greekLit:tlg0012.tlg001:4.234-4.239
urn:cite2:hmt:msA.v1:56r,urn:cts:greekLit:tlg0012.tlg001:4.240-4.241
urn:cite2:hmt:msA.v1:56r,urn:cts:greekLit:tlg0012.tlg001:4.242-4.449
urn:cite2:hmt:msA.v1:56r,urn:cts:greekLit:tlg0012.tlg001:4.250-4.256
urn:cite2:hmt:msA.v1:56r,urn:cts:greekLit:tlg0012.tlg001:4.257-4.265
urn:cite2:hmt:msA.v1:56v,urn:cts:greekLit:tlg0012.tlg001:4.266-4.271
urn:cite2:hmt:msA.v1:56v,urn:cts:greekLit:tlg0012.tlg001:4.272-4.284
urn:cite2:hmt:msA.v1:57r,urn:cts:greekLit:tlg0012.tlg001:4.285-4.291
urn:cite2:hmt:msA.v1:57r,urn:cts:greekLit:tlg0012.tlg001:4.292-4.312
urn:cite2:hmt:msA.v1:57v,urn:cts:greekLit:tlg0012.tlg001:4.313-4.317
urn:cite2:hmt:msA.v1:57v,urn:cts:greekLit:tlg0012.tlg001:4.318-4.325
urn:cite2:hmt:msA.v1:57v,urn:cts:greekLit:tlg0012.tlg001:4.326-4.337
urn:cite2:hmt:msA.v1:58r,urn:cts:greekLit:tlg0012.tlg001:4.338-4.349
urn:cite2:hmt:msA.v1:58r,urn:cts:greekLit:tlg0012.tlg001:4.350-4.357
urn:cite2:hmt:msA.v1:58r,urn:cts:greekLit:tlg0012.tlg001:4.358-4.363
urn:cite2:hmt:msA.v1:58v,urn:cts:greekLit:tlg0012.tlg001:4.364-4.369
urn:cite2:hmt:msA.v1:58v,urn:cts:greekLit:tlg0012.tlg001:4.370-4.400
urn:cite2:hmt:msA.v1:59r,urn:cts:greekLit:tlg0012.tlg001:4.401-4.403
urn:cite2:hmt:msA.v1:59r,urn:cts:greekLit:tlg0012.tlg001:4.404-4.411
urn:cite2:hmt:msA.v1:59v,urn:cts:greekLit:tlg0012.tlg001:4.412-4.418
urn:cite2:hmt:msA.v1:59v,urn:cts:greekLit:tlg0012.tlg001:4.419-4.421
urn:cite2:hmt:msA.v1:59v,urn:cts:greekLit:tlg0012.tlg001:4.422-4.508
urn:cite2:hmt:msA.v1:61v,urn:cts:greekLit:tlg0012.tlg001:4.509-4.513
urn:cite2:hmt:msA.v1:62r,urn:cts:greekLit:tlg0012.tlg001:4.514-4.544
urn:cite2:hmt:msA.v1:62r,urn:cts:greekLit:tlg0012.tlg001:5.1-5.8
urn:cite2:hmt:msA.v1:62r,urn:cts:greekLit:tlg0012.tlg001:5.9-5.30
urn:cite2:hmt:msA.v1:62v,urn:cts:greekLit:tlg0012.tlg001:5.31-5.34
urn:cite2:hmt:msA.v1:63r,urn:cts:greekLit:tlg0012.tlg001:5.35-5.48
urn:cite2:hmt:msA.v1:63r,urn:cts:greekLit:tlg0012.tlg001:5.49-5.68
urn:cite2:hmt:msA.v1:63v,urn:cts:greekLit:tlg0012.tlg001:5.69-5.75
urn:cite2:hmt:msA.v1:63v,urn:cts:greekLit:tlg0012.tlg001:5.76-5.83
urn:cite2:hmt:msA.v1:63v,urn:cts:greekLit:tlg0012.tlg001:5.84-5.101
urn:cite2:hmt:msA.v1:64r,urn:cts:greekLit:tlg0012.tlg001:5.102-5.110
urn:cite2:hmt:msA.v1:64v,urn:cts:greekLit:tlg0012.tlg001:5.111-5.114
urn:cite2:hmt:msA.v1:64v,urn:cts:greekLit:tlg0012.tlg001:5.115-5.120
urn:cite2:hmt:msA.v1:64v,urn:cts:greekLit:tlg0012.tlg001:5.121-5.123
urn:cite2:hmt:msA.v1:64v,urn:cts:greekLit:tlg0012.tlg001:5.124-5.132
urn:cite2:hmt:msA.v1:64v,urn:cts:greekLit:tlg0012.tlg001:5.133-5.160
urn:cite2:hmt:msA.v1:65v,urn:cts:greekLit:tlg0012.tlg001:5.161-5.170
urn:cite2:hmt:msA.v1:65v,urn:cts:greekLit:tlg0012.tlg001:5.171-5.179
urn:cite2:hmt:msA.v1:65v,urn:cts:greekLit:tlg0012.tlg001:5.180-5.217
urn:cite2:hmt:msA.v1:66v,urn:cts:greekLit:tlg0012.tlg001:5.218-5.229
urn:cite2:hmt:msA.v1:66v,urn:cts:greekLit:tlg0012.tlg001:5.230-5.238
urn:cite2:hmt:msA.v1:67r,urn:cts:greekLit:tlg0012.tlg001:5.239-5.242
urn:cite2:hmt:msA.v1:67r,urn:cts:greekLit:tlg0012.tlg001:5.243-5.251
urn:cite2:hmt:msA.v1:67r,urn:cts:greekLit:tlg0012.tlg001:5.252-5.276
urn:cite2:hmt:msA.v1:67v,urn:cts:greekLit:tlg0012.tlg001:5.277-5.279
urn:cite2:hmt:msA.v1:67v,urn:cts:greekLit:tlg0012.tlg001:5.280-5.283
urn:cite2:hmt:msA.v1:67v,urn:cts:greekLit:tlg0012.tlg001:5.284-5.286
urn:cite2:hmt:msA.v1:68r,urn:cts:greekLit:tlg0012.tlg001:5.287-5.289
urn:cite2:hmt:msA.v1:68r,urn:cts:greekLit:tlg0012.tlg001:5.290-5.654
urn:cite2:hmt:msA.v1:75r,urn:cts:greekLit:tlg0012.tlg001:5.655-5.683
urn:cite2:hmt:msA.v1:75v,urn:cts:greekLit:tlg0012.tlg001:5.684-5.688
urn:cite2:hmt:msA.v1:76r,urn:cts:greekLit:tlg0012.tlg001:5.689-5.698
urn:cite2:hmt:msA.v1:76r,urn:cts:greekLit:tlg0012.tlg001:5.699-5.713
urn:cite2:hmt:msA.v1:76v,urn:cts:greekLit:tlg0012.tlg001:5.714-5.718
urn:cite2:hmt:msA.v1:76v,urn:cts:greekLit:tlg0012.tlg001:5.719-5.756
urn:cite2:hmt:msA.v1:77r,urn:cts:greekLit:tlg0012.tlg001:5.757-5.764
urn:cite2:hmt:msA.v1:77v,urn:cts:greekLit:tlg0012.tlg001:5.765-5.766
urn:cite2:hmt:msA.v1:77v,urn:cts:greekLit:tlg0012.tlg001:5.767-5.876
urn:cite2:hmt:msA.v1:78r,urn:cts:greekLit:tlg0012.tlg001:5.787-5.791
urn:cite2:hmt:msA.v1:78r,urn:cts:greekLit:tlg0012.tlg001:5.792-5.799
urn:cite2:hmt:msA.v1:78r,urn:cts:greekLit:tlg0012.tlg001:5.800-5.814
urn:cite2:hmt:msA.v1:78v,urn:cts:greekLit:tlg0012.tlg001:5.815-5.825
urn:cite2:hmt:msA.v1:78v,urn:cts:greekLit:tlg0012.tlg001:5.826-5.834
urn:cite2:hmt:msA.v1:78v,urn:cts:greekLit:tlg0012.tlg001:5.835-5.871
urn:cite2:hmt:msA.v1:79v,urn:cts:greekLit:tlg0012.tlg001:5.872-5.887
urn:cite2:hmt:msA.v1:80r,urn:cts:greekLit:tlg0012.tlg001:5.888-5.898
urn:cite2:hmt:msA.v1:80r,urn:cts:greekLit:tlg0012.tlg001:5.899-5.909
urn:cite2:hmt:msA.v1:80v,urn:cts:greekLit:tlg0012.tlg001:6.1-6.45
urn:cite2:hmt:msA.v1:81r,urn:cts:greekLit:tlg0012.tlg001:6.46-6.54
urn:cite2:hmt:msA.v1:81v,urn:cts:greekLit:tlg0012.tlg001:6.55-6.60
urn:cite2:hmt:msA.v1:81v,urn:cts:greekLit:tlg0012.tlg001:6.61-6.66
urn:cite2:hmt:msA.v1:81v,urn:cts:greekLit:tlg0012.tlg001:6.67-6.71
urn:cite2:hmt:msA.v1:81v,urn:cts:greekLit:tlg0012.tlg001:6.72-6.76
urn:cite2:hmt:msA.v1:82r,urn:cts:greekLit:tlg0012.tlg001:6.77-6.101
urn:cite2:hmt:msA.v1:82v,urn:cts:greekLit:tlg0012.tlg001:6.102-6.110
urn:cite2:hmt:msA.v1:82v,urn:cts:greekLit:tlg0012.tlg001:6.111-6.115
urn:cite2:hmt:msA.v1:82v,urn:cts:greekLit:tlg0012.tlg001:6.116-6.122
urn:cite2:hmt:msA.v1:82v,urn:cts:greekLit:tlg0012.tlg001:6.123-6.144
urn:cite2:hmt:msA.v1:83r,urn:cts:greekLit:tlg0012.tlg001:6.145-6.211
urn:cite2:hmt:msA.v1:84v,urn:cts:greekLit:tlg0012.tlg001:6.212-6.214
urn:cite2:hmt:msA.v1:84v,urn:cts:greekLit:tlg0012.tlg001:6.215-6.231
urn:cite2:hmt:msA.v1:85r,urn:cts:greekLit:tlg0012.tlg001:6.232-6.236
urn:cite2:hmt:msA.v1:85r,urn:cts:greekLit:tlg0012.tlg001:6.237-6.253
urn:cite2:hmt:msA.v1:85r,urn:cts:greekLit:tlg0012.tlg001:6.254-6.263
urn:cite2:hmt:msA.v1:85v,urn:cts:greekLit:tlg0012.tlg001:6.264-6.285
urn:cite2:hmt:msA.v1:86r,urn:cts:greekLit:tlg0012.tlg001:6.286-6.304
urn:cite2:hmt:msA.v1:86r,urn:cts:greekLit:tlg0012.tlg001:6.305-6.310
urn:cite2:hmt:msA.v1:86v,urn:cts:greekLit:tlg0012.tlg001:6.311-6.325
urn:cite2:hmt:msA.v1:86v,urn:cts:greekLit:tlg0012.tlg001:6.326-6.332
urn:cite2:hmt:msA.v1:87r,urn:cts:greekLit:tlg0012.tlg001:6.333-6.343
urn:cite2:hmt:msA.v1:87r,urn:cts:greekLit:tlg0012.tlg001:6.344-6.359
urn:cite2:hmt:msA.v1:87v,urn:cts:greekLit:tlg0012.tlg001:6.360-6.368
urn:cite2:hmt:msA.v1:87v,urn:cts:greekLit:tlg0012.tlg001:6.369-6.375
urn:cite2:hmt:msA.v1:87v,urn:cts:greekLit:tlg0012.tlg001:6.376-6.390
urn:cite2:hmt:msA.v1:88r,urn:cts:greekLit:tlg0012.tlg001:6.391-6.407
urn:cite2:hmt:msA.v1:88v,urn:cts:greekLit:tlg0012.tlg001:6.408-6.441
urn:cite2:hmt:msA.v1:89r,urn:cts:greekLit:tlg0012.tlg001:6.442-6.466
urn:cite2:hmt:msA.v1:89v,urn:cts:greekLit:tlg0012.tlg001:6.467-6.476
urn:cite2:hmt:msA.v1:89v,urn:cts:greekLit:tlg0012.tlg001:6.477-6.482
urn:cite2:hmt:msA.v1:90r,urn:cts:greekLit:tlg0012.tlg001:6.483-6.486
urn:cite2:hmt:msA.v1:90r,urn:cts:greekLit:tlg0012.tlg001:6.487-6.494
urn:cite2:hmt:msA.v1:90r,urn:cts:greekLit:tlg0012.tlg001:6.495-6.520
urn:cite2:hmt:msA.v1:90v,urn:cts:greekLit:tlg0012.tlg001:6.521-6.529
urn:cite2:hmt:msA.v1:91r,urn:cts:greekLit:tlg0012.tlg001:7.1-7.3
urn:cite2:hmt:msA.v1:91r,urn:cts:greekLit:tlg0012.tlg001:7.4-7.23
urn:cite2:hmt:msA.v1:91r,urn:cts:greekLit:tlg0012.tlg001:7.24-7.33
urn:cite2:hmt:msA.v1:91v,urn:cts:greekLit:tlg0012.tlg001:7.34-7.53
urn:cite2:hmt:msA.v1:92r,urn:cts:greekLit:tlg0012.tlg001:7.54-7.66
urn:cite2:hmt:msA.v1:92r,urn:cts:greekLit:tlg0012.tlg001:7.67-7.90
urn:cite2:hmt:msA.v1:92v,urn:cts:greekLit:tlg0012.tlg001:7.91-7.95
urn:cite2:hmt:msA.v1:92v,urn:cts:greekLit:tlg0012.tlg001:7.96-7.102
urn:cite2:hmt:msA.v1:93r,urn:cts:greekLit:tlg0012.tlg001:7.103-7.108
urn:cite2:hmt:msA.v1:93r,urn:cts:greekLit:tlg0012.tlg001:7.109-7.119
urn:cite2:hmt:msA.v1:93r,urn:cts:greekLit:tlg0012.tlg001:7.120-7.123
urn:cite2:hmt:msA.v1:93r,urn:cts:greekLit:tlg0012.tlg001:7.124-7.160
urn:cite2:hmt:msA.v1:94r,urn:cts:greekLit:tlg0012.tlg001:7.161-7.170
urn:cite2:hmt:msA.v1:94r,urn:cts:greekLit:tlg0012.tlg001:7.171-7.174
urn:cite2:hmt:msA.v1:94r,urn:cts:greekLit:tlg0012.tlg001:7.175-7.178
urn:cite2:hmt:msA.v1:94v,urn:cts:greekLit:tlg0012.tlg001:7.179-7.180
urn:cite2:hmt:msA.v1:94v,urn:cts:greekLit:tlg0012.tlg001:7.181-7.190
urn:cite2:hmt:msA.v1:94v,urn:cts:greekLit:tlg0012.tlg001:7.191-7.199
urn:cite2:hmt:msA.v1:94v,urn:cts:greekLit:tlg0012.tlg001:7.200-7.205
urn:cite2:hmt:msA.v1:95r,urn:cts:greekLit:tlg0012.tlg001:7.206-7.225
urn:cite2:hmt:msA.v1:95v,urn:cts:greekLit:tlg0012.tlg001:7.226-7.234
urn:cite2:hmt:msA.v1:95v,urn:cts:greekLit:tlg0012.tlg001:7.235-7.243
urn:cite2:hmt:msA.v1:95v,urn:cts:greekLit:tlg0012.tlg001:7.244-7.278
urn:cite2:hmt:msA.v1:96v,urn:cts:greekLit:tlg0012.tlg001:7.279-7.287
urn:cite2:hmt:msA.v1:96v,urn:cts:greekLit:tlg0012.tlg001:7.288-7.302
urn:cite2:hmt:msA.v1:97r,urn:cts:greekLit:tlg0012.tlg001:7.303-7.326
urn:cite2:hmt:msA.v1:97v,urn:cts:greekLit:tlg0012.tlg001:7.327-7.326
urn:cite2:hmt:msA.v1:97v,urn:cts:greekLit:tlg0012.tlg001:7.344-7.347
urn:cite2:hmt:msA.v1:97v,urn:cts:greekLit:tlg0012.tlg001:7.348-7.353
urn:cite2:hmt:msA.v1:98r,urn:cts:greekLit:tlg0012.tlg001:7.354-7.356
urn:cite2:hmt:msA.v1:98r,urn:cts:greekLit:tlg0012.tlg001:7.357-7.364
urn:cite2:hmt:msA.v1:98r,urn:cts:greekLit:tlg0012.tlg001:7.365-7.369
urn:cite2:hmt:msA.v1:98r,urn:cts:greekLit:tlg0012.tlg001:7.370-7.378
urn:cite2:hmt:msA.v1:98v,urn:cts:greekLit:tlg0012.tlg001:7.379-7.397
urn:cite2:hmt:msA.v1:98v,urn:cts:greekLit:tlg0012.tlg001:7.398-7.402
urn:cite2:hmt:msA.v1:98v,urn:cts:greekLit:tlg0012.tlg001:7.403-7.411
urn:cite2:hmt:msA.v1:99r,urn:cts:greekLit:tlg0012.tlg001:7.412-7.445
urn:cite2:hmt:msA.v1:99v,urn:cts:greekLit:tlg0012.tlg001:7.446-7.454
urn:cite2:hmt:msA.v1:99v,urn:cts:greekLit:tlg0012.tlg001:7.455-7.482
urn:cite2:hmt:msA.v1:100v,urn:cts:greekLit:tlg0012.tlg001:8.1-8.4
urn:cite2:hmt:msA.v1:100v,urn:cts:greekLit:tlg0012.tlg001:8.5-8.9
urn:cite2:hmt:msA.v1:100v,urn:cts:greekLit:tlg0012.tlg001:8.10-8.30
urn:cite2:hmt:msA.v1:101r,urn:cts:greekLit:tlg0012.tlg001:8.31-8.40
urn:cite2:hmt:msA.v1:101v,urn:cts:greekLit:tlg0012.tlg001:8.41-8.92
urn:cite2:hmt:msA.v1:102v,urn:cts:greekLit:tlg0012.tlg001:8.93-8.96
urn:cite2:hmt:msA.v1:102v,urn:cts:greekLit:tlg0012.tlg001:8.97-8.101
urn:cite2:hmt:msA.v1:102v,urn:cts:greekLit:tlg0012.tlg001:8.102-8.111
urn:cite2:hmt:msA.v1:102v,urn:cts:greekLit:tlg0012.tlg001:8.112-8.138
urn:cite2:hmt:msA.v1:103r,urn:cts:greekLit:tlg0012.tlg001:8.139-8.145
urn:cite2:hmt:msA.v1:103v,urn:cts:greekLit:tlg0012.tlg001:8.146-8.151
urn:cite2:hmt:msA.v1:103v,urn:cts:greekLit:tlg0012.tlg001:8.152-8.156
urn:cite2:hmt:msA.v1:103v,urn:cts:greekLit:tlg0012.tlg001:8.157-8.160
urn:cite2:hmt:msA.v1:103v,urn:cts:greekLit:tlg0012.tlg001:8.161-8.172
urn:cite2:hmt:msA.v1:104r,urn:cts:greekLit:tlg0012.tlg001:8.173-8.184
urn:cite2:hmt:msA.v1:104r,urn:cts:greekLit:tlg0012.tlg001:8.185-8.197
urn:cite2:hmt:msA.v1:104v,urn:cts:greekLit:tlg0012.tlg001:8.198-8.200
urn:cite2:hmt:msA.v1:104v,urn:cts:greekLit:tlg0012.tlg001:8.201-8.208
urn:cite2:hmt:msA.v1:104v,urn:cts:greekLit:tlg0012.tlg001:8.209-8.211
urn:cite2:hmt:msA.v1:104v,urn:cts:greekLit:tlg0012.tlg001:8.212-8.227
urn:cite2:hmt:msA.v1:105r,urn:cts:greekLit:tlg0012.tlg001:8.228-8.244
urn:cite2:hmt:msA.v1:105r,urn:cts:greekLit:tlg0012.tlg001:8.245-8.280
urn:cite2:hmt:msA.v1:106r,urn:cts:greekLit:tlg0012.tlg001:8.281-8.299
urn:cite2:hmt:msA.v1:106v,urn:cts:greekLit:tlg0012.tlg001:8.300-8.351
urn:cite2:hmt:msA.v1:107v,urn:cts:greekLit:tlg0012.tlg001:8.352-8.357
urn:cite2:hmt:msA.v1:107v,urn:cts:greekLit:tlg0012.tlg001:8.358-8.398
urn:cite2:hmt:msA.v1:108r,urn:cts:greekLit:tlg0012.tlg001:8.399-8.412
urn:cite2:hmt:msA.v1:108v,urn:cts:greekLit:tlg0012.tlg001:8.413-8.424
urn:cite2:hmt:msA.v1:108v,urn:cts:greekLit:tlg0012.tlg001:8.425-8.426
urn:cite2:hmt:msA.v1:109r,urn:cts:greekLit:tlg0012.tlg001:8.427-8.431
urn:cite2:hmt:msA.v1:109r,urn:cts:greekLit:tlg0012.tlg001:8.432-8.446
urn:cite2:hmt:msA.v1:109r,urn:cts:greekLit:tlg0012.tlg001:8.447-8.456
urn:cite2:hmt:msA.v1:109v,urn:cts:greekLit:tlg0012.tlg001:8.457-8.461
urn:cite2:hmt:msA.v1:109v,urn:cts:greekLit:tlg0012.tlg001:8.462-8.469
urn:cite2:hmt:msA.v1:109v,urn:cts:greekLit:tlg0012.tlg001:8.470-8.496
urn:cite2:hmt:msA.v1:110r,urn:cts:greekLit:tlg0012.tlg001:8.497-8.541
urn:cite2:hmt:msA.v1:111r,urn:cts:greekLit:tlg0012.tlg001:8.542-8.565
urn:cite2:hmt:msA.v1:111v,urn:cts:greekLit:tlg0012.tlg001:9.1-9.3
urn:cite2:hmt:msA.v1:111v,urn:cts:greekLit:tlg0012.tlg001:9.4-9.16
urn:cite2:hmt:msA.v1:112r,urn:cts:greekLit:tlg0012.tlg001:9.17-9.28
urn:cite2:hmt:msA.v1:112r,urn:cts:greekLit:tlg0012.tlg001:9.29-9.49
urn:cite2:hmt:msA.v1:112v,urn:cts:greekLit:tlg0012.tlg001:9.50-9.52
urn:cite2:hmt:msA.v1:112v,urn:cts:greekLit:tlg0012.tlg001:9.53-9.78
urn:cite2:hmt:msA.v1:113r,urn:cts:greekLit:tlg0012.tlg001:9.79-9.88
urn:cite2:hmt:msA.v1:113v,urn:cts:greekLit:tlg0012.tlg001:9.89-9.114
urn:cite2:hmt:msA.v1:114r,urn:cts:greekLit:tlg0012.tlg001:9.115-9.162
urn:cite2:hmt:msA.v1:115r,urn:cts:greekLit:tlg0012.tlg001:9.163-9.171
urn:cite2:hmt:msA.v1:115r,urn:cts:greekLit:tlg0012.tlg001:9.172-9.196
urn:cite2:hmt:msA.v1:115v,urn:cts:greekLit:tlg0012.tlg001:9.197-9.198
urn:cite2:hmt:msA.v1:115v,urn:cts:greekLit:tlg0012.tlg001:9.199-9.204
urn:cite2:hmt:msA.v1:115v,urn:cts:greekLit:tlg0012.tlg001:9.205-9.224
urn:cite2:hmt:msA.v1:116r,urn:cts:greekLit:tlg0012.tlg001:9.225-9.307
urn:cite2:hmt:msA.v1:117v,urn:cts:greekLit:tlg0012.tlg001:9.308-9.429
urn:cite2:hmt:msA.v1:120r,urn:cts:greekLit:tlg0012.tlg001:9.430-9.433
urn:cite2:hmt:msA.v1:120r,urn:cts:greekLit:tlg0012.tlg001:9.434-9.528
urn:cite2:hmt:msA.v1:122r,urn:cts:greekLit:tlg0012.tlg001:9.529-9.606
urn:cite2:hmt:msA.v1:123v,urn:cts:greekLit:tlg0012.tlg001:9.607-9.623
urn:cite2:hmt:msA.v1:124r,urn:cts:greekLit:tlg0012.tlg001:9.624-9.643
urn:cite2:hmt:msA.v1:124v,urn:cts:greekLit:tlg0012.tlg001:9.644-9.655
urn:cite2:hmt:msA.v1:124v,urn:cts:greekLit:tlg0012.tlg001:9.656-9.672
urn:cite2:hmt:msA.v1:125r,urn:cts:greekLit:tlg0012.tlg001:9.673-9.676
urn:cite2:hmt:msA.v1:125r,urn:cts:greekLit:tlg0012.tlg001:9.677-9.709
urn:cite2:hmt:msA.v1:125v,urn:cts:greekLit:tlg0012.tlg001:9.710-9.713
urn:cite2:hmt:msA.v1:126r,urn:cts:greekLit:tlg0012.tlg001:10.1-10.36
urn:cite2:hmt:msA.v1:126v,urn:cts:greekLit:tlg0012.tlg001:10.37-10.42
urn:cite2:hmt:msA.v1:126v,urn:cts:greekLit:tlg0012.tlg001:10.43-10.60
urn:cite2:hmt:msA.v1:127r,urn:cts:greekLit:tlg0012.tlg001:10.61-10.71
urn:cite2:hmt:msA.v1:127r,urn:cts:greekLit:tlg0012.tlg001:10.72-10.81
urn:cite2:hmt:msA.v1:127v,urn:cts:greekLit:tlg0012.tlg001:10.82-10.102
urn:cite2:hmt:msA.v1:128r,urn:cts:greekLit:tlg0012.tlg001:10.103-10.119
urn:cite2:hmt:msA.v1:128r,urn:cts:greekLit:tlg0012.tlg001:10.120-10.128
urn:cite2:hmt:msA.v1:128v,urn:cts:greekLit:tlg0012.tlg001:10.129-10.130
urn:cite2:hmt:msA.v1:128v,urn:cts:greekLit:tlg0012.tlg001:10.131-10.140
urn:cite2:hmt:msA.v1:128v,urn:cts:greekLit:tlg0012.tlg001:10.141-10.143
urn:cite2:hmt:msA.v1:128v,urn:cts:greekLit:tlg0012.tlg001:10.144-10.147
urn:cite2:hmt:msA.v1:128v,urn:cts:greekLit:tlg0012.tlg001:10.148-10.158
urn:cite2:hmt:msA.v1:129r,urn:cts:greekLit:tlg0012.tlg001:10.159-10.161
urn:cite2:hmt:msA.v1:129r,urn:cts:greekLit:tlg0012.tlg001:10.162-10.163
urn:cite2:hmt:msA.v1:129r,urn:cts:greekLit:tlg0012.tlg001:10.164-10.168
urn:cite2:hmt:msA.v1:129r,urn:cts:greekLit:tlg0012.tlg001:10.169-10.191
urn:cite2:hmt:msA.v1:129v,urn:cts:greekLit:tlg0012.tlg001:10.192-10.193
urn:cite2:hmt:msA.v1:129v,urn:cts:greekLit:tlg0012.tlg001:10.194-10.218
urn:cite2:hmt:msA.v1:130r,urn:cts:greekLit:tlg0012.tlg001:10.219-10.226
urn:cite2:hmt:msA.v1:130r,urn:cts:greekLit:tlg0012.tlg001:10.227-10.233
urn:cite2:hmt:msA.v1:130v,urn:cts:greekLit:tlg0012.tlg001:10.234-10.239
urn:cite2:hmt:msA.v1:130v,urn:cts:greekLit:tlg0012.tlg001:10.240-10.241
urn:cite2:hmt:msA.v1:130v,urn:cts:greekLit:tlg0012.tlg001:10.242-10.248
urn:cite2:hmt:msA.v1:130v,urn:cts:greekLit:tlg0012.tlg001:10.249-10.277
urn:cite2:hmt:msA.v1:131v,urn:cts:greekLit:tlg0012.tlg001:10.278-10.283
urn:cite2:hmt:msA.v1:131v,urn:cts:greekLit:tlg0012.tlg001:10.284-10.312
urn:cite2:hmt:msA.v1:132r,urn:cts:greekLit:tlg0012.tlg001:10.303-10.312
urn:cite2:hmt:msA.v1:132r,urn:cts:greekLit:tlg0012.tlg001:10.313-10.318
urn:cite2:hmt:msA.v1:132r,urn:cts:greekLit:tlg0012.tlg001:10.319-10.328
urn:cite2:hmt:msA.v1:132v,urn:cts:greekLit:tlg0012.tlg001:10.329-10.331
urn:cite2:hmt:msA.v1:132v,urn:cts:greekLit:tlg0012.tlg001:10.332-10.340
urn:cite2:hmt:msA.v1:132v,urn:cts:greekLit:tlg0012.tlg001:10.341-10.348
urn:cite2:hmt:msA.v1:132v,urn:cts:greekLit:tlg0012.tlg001:10.349-10.368
urn:cite2:hmt:msA.v1:133r,urn:cts:greekLit:tlg0012.tlg001:10.370-10.371
urn:cite2:hmt:msA.v1:133r,urn:cts:greekLit:tlg0012.tlg001:10.372-10.382
urn:cite2:hmt:msA.v1:133v,urn:cts:greekLit:tlg0012.tlg001:10.383-10.390
urn:cite2:hmt:msA.v1:133v,urn:cts:greekLit:tlg0012.tlg001:10.391-10.411
urn:cite2:hmt:msA.v1:133v,urn:cts:greekLit:tlg0012.tlg001:10.401-10.412
urn:cite2:hmt:msA.v1:134r,urn:cts:greekLit:tlg0012.tlg001:10.413-10.423
urn:cite2:hmt:msA.v1:134r,urn:cts:greekLit:tlg0012.tlg001:10.424-10.426
urn:cite2:hmt:msA.v1:134r,urn:cts:greekLit:tlg0012.tlg001:10.427-10.446
urn:cite2:hmt:msA.v1:134v,urn:cts:greekLit:tlg0012.tlg001:10.447-10.453
urn:cite2:hmt:msA.v1:135r,urn:cts:greekLit:tlg0012.tlg001:10.454-10.461
urn:cite2:hmt:msA.v1:135r,urn:cts:greekLit:tlg0012.tlg001:10.462-10.464
urn:cite2:hmt:msA.v1:135r,urn:cts:greekLit:tlg0012.tlg001:10.465-10.476
urn:cite2:hmt:msA.v1:135r,urn:cts:greekLit:tlg0012.tlg001:10.477-10.481
urn:cite2:hmt:msA.v1:135v,urn:cts:greekLit:tlg0012.tlg001:10.482-10.508
urn:cite2:hmt:msA.v1:136r,urn:cts:greekLit:tlg0012.tlg001:10.509-10.511
urn:cite2:hmt:msA.v1:136r,urn:cts:greekLit:tlg0012.tlg001:10.512-10.532
urn:cite2:hmt:msA.v1:136v,urn:cts:greekLit:tlg0012.tlg001:10.533-10.543
urn:cite2:hmt:msA.v1:136v,urn:cts:greekLit:tlg0012.tlg001:10.544-10.554
urn:cite2:hmt:msA.v1:137r,urn:cts:greekLit:tlg0012.tlg001:10.555-10.563
urn:cite2:hmt:msA.v1:137r,urn:cts:greekLit:tlg0012.tlg001:10.564-10.579
urn:cite2:hmt:msA.v1:137v,urn:cts:greekLit:tlg0012.tlg001:11.1-11.130
urn:cite2:hmt:msA.v1:140r,urn:cts:greekLit:tlg0012.tlg001:11.131-11.135
urn:cite2:hmt:msA.v1:140r,urn:cts:greekLit:tlg0012.tlg001:11.136-11.142
urn:cite2:hmt:msA.v1:140r,urn:cts:greekLit:tlg0012.tlg001:11.143-11.154
urn:cite2:hmt:msA.v1:140v,urn:cts:greekLit:tlg0012.tlg001:11.155-11.185
urn:cite2:hmt:msA.v1:141r,urn:cts:greekLit:tlg0012.tlg001:11.186-11.194
urn:cite2:hmt:msA.v1:141r,urn:cts:greekLit:tlg0012.tlg001:11.195-11.199
urn:cite2:hmt:msA.v1:141r,urn:cts:greekLit:tlg0012.tlg001:11.200-11.209
urn:cite2:hmt:msA.v1:141v,urn:cts:greekLit:tlg0012.tlg001:11.210-11.275
urn:cite2:hmt:msA.v1:142v,urn:cts:greekLit:tlg0012.tlg001:11.276-11.279
urn:cite2:hmt:msA.v1:143r,urn:cts:greekLit:tlg0012.tlg001:11.280-11.285
urn:cite2:hmt:msA.v1:143r,urn:cts:greekLit:tlg0012.tlg001:11.286-11.290
urn:cite2:hmt:msA.v1:143r,urn:cts:greekLit:tlg0012.tlg001:11.291-11.312
urn:cite2:hmt:msA.v1:143v,urn:cts:greekLit:tlg0012.tlg001:11.313-11.316
urn:cite2:hmt:msA.v1:143v,urn:cts:greekLit:tlg0012.tlg001:11.317-11.319
urn:cite2:hmt:msA.v1:143v,urn:cts:greekLit:tlg0012.tlg001:11.320-11.346
urn:cite2:hmt:msA.v1:144r,urn:cts:greekLit:tlg0012.tlg001:11.347-11.348
urn:cite2:hmt:msA.v1:144r,urn:cts:greekLit:tlg0012.tlg001:11.349-11.361
urn:cite2:hmt:msA.v1:144v,urn:cts:greekLit:tlg0012.tlg001:11.362-11.367
urn:cite2:hmt:msA.v1:144v,urn:cts:greekLit:tlg0012.tlg001:11.368-11.379
urn:cite2:hmt:msA.v1:145r,urn:cts:greekLit:tlg0012.tlg001:11.380-11.384
urn:cite2:hmt:msA.v1:145r,urn:cts:greekLit:tlg0012.tlg001:11.385-11.395
urn:cite2:hmt:msA.v1:145r,urn:cts:greekLit:tlg0012.tlg001:11.396-11.403
urn:cite2:hmt:msA.v1:145v,urn:cts:greekLit:tlg0012.tlg001:11.404-11.429
urn:cite2:hmt:msA.v1:146r,urn:cts:greekLit:tlg0012.tlg001:11.430-11.433
urn:cite2:hmt:msA.v1:146r,urn:cts:greekLit:tlg0012.tlg001:11.434-11.440
urn:cite2:hmt:msA.v1:146r,urn:cts:greekLit:tlg0012.tlg001:11.441-11.445
urn:cite2:hmt:msA.v1:146r,urn:cts:greekLit:tlg0012.tlg001:11.446-11.449
urn:cite2:hmt:msA.v1:146r,urn:cts:greekLit:tlg0012.tlg001:11.450-11.455
urn:cite2:hmt:msA.v1:146v,urn:cts:greekLit:tlg0012.tlg001:11.456-11.464
urn:cite2:hmt:msA.v1:146v,urn:cts:greekLit:tlg0012.tlg001:11.465-11.471
urn:cite2:hmt:msA.v1:146v,urn:cts:greekLit:tlg0012.tlg001:11.472-11.510
urn:cite2:hmt:msA.v1:147v,urn:cts:greekLit:tlg0012.tlg001:11.511-11.515
urn:cite2:hmt:msA.v1:147v,urn:cts:greekLit:tlg0012.tlg001:11.516-11.522
urn:cite2:hmt:msA.v1:147v,urn:cts:greekLit:tlg0012.tlg001:11.523-11.530
urn:cite2:hmt:msA.v1:148r,urn:cts:greekLit:tlg0012.tlg001:11.531-11.547
urn:cite2:hmt:msA.v1:148r,urn:cts:greekLit:tlg0012.tlg001:11.548-11.557
urn:cite2:hmt:msA.v1:148v,urn:cts:greekLit:tlg0012.tlg001:11.558-11.586
urn:cite2:hmt:msA.v1:149r,urn:cts:greekLit:tlg0012.tlg001:11.587-11.591
urn:cite2:hmt:msA.v1:149r,urn:cts:greekLit:tlg0012.tlg001:11.592-11.605
urn:cite2:hmt:msA.v1:149v,urn:cts:greekLit:tlg0012.tlg001:11.606-11.607
urn:cite2:hmt:msA.v1:149v,urn:cts:greekLit:tlg0012.tlg001:11.608-11.615
urn:cite2:hmt:msA.v1:149v,urn:cts:greekLit:tlg0012.tlg001:11.616-11.647
urn:cite2:hmt:msA.v1:150r,urn:cts:greekLit:tlg0012.tlg001:11.648-11.655
urn:cite2:hmt:msA.v1:150v,urn:cts:greekLit:tlg0012.tlg001:11.656-11.785
urn:cite2:hmt:msA.v1:153r,urn:cts:greekLit:tlg0012.tlg001:11.786-11.803
urn:cite2:hmt:msA.v1:153v,urn:cts:greekLit:tlg0012.tlg001:11.804-11.815
urn:cite2:hmt:msA.v1:153v,urn:cts:greekLit:tlg0012.tlg001:11.816-11.822
urn:cite2:hmt:msA.v1:153v,urn:cts:greekLit:tlg0012.tlg001:11.823-11.837
urn:cite2:hmt:msA.v1:154r,urn:cts:greekLit:tlg0012.tlg001:11.838-11.841
urn:cite2:hmt:msA.v1:154r,urn:cts:greekLit:tlg0012.tlg001:11.842-11.848
urn:cite2:hmt:msA.v1:154v,urn:cts:greekLit:tlg0012.tlg001:12.1-12.60
urn:cite2:hmt:msA.v1:155v,urn:cts:greekLit:tlg0012.tlg001:12.61-12.79
urn:cite2:hmt:msA.v1:156r,urn:cts:greekLit:tlg0012.tlg001:12.80-12.163
urn:cite2:hmt:msA.v1:157v,urn:cts:greekLit:tlg0012.tlg001:12.164-12.173
urn:cite2:hmt:msA.v1:157v,urn:cts:greekLit:tlg0012.tlg001:12.174-12.210
urn:cite2:hmt:msA.v1:158v,urn:cts:greekLit:tlg0012.tlg001:12.211-12.230
urn:cite2:hmt:msA.v1:159r,urn:cts:greekLit:tlg0012.tlg001:12.231-12.250
urn:cite2:hmt:msA.v1:159r,urn:cts:greekLit:tlg0012.tlg001:12.251-12.268
urn:cite2:hmt:msA.v1:159v,urn:cts:greekLit:tlg0012.tlg001:12.269-12.309
urn:cite2:hmt:msA.v1:160v,urn:cts:greekLit:tlg0012.tlg001:12.310-12.328
urn:cite2:hmt:msA.v1:161r,urn:cts:greekLit:tlg0012.tlg001:12.329-12.342
urn:cite2:hmt:msA.v1:161r,urn:cts:greekLit:tlg0012.tlg001:12.343-12.350
urn:cite2:hmt:msA.v1:161r,urn:cts:greekLit:tlg0012.tlg001:12.351-12.353
urn:cite2:hmt:msA.v1:161v,urn:cts:greekLit:tlg0012.tlg001:12.354-12.363
urn:cite2:hmt:msA.v1:161v,urn:cts:greekLit:tlg0012.tlg001:12.364-12.365
urn:cite2:hmt:msA.v1:161v,urn:cts:greekLit:tlg0012.tlg001:12.366-12.379
urn:cite2:hmt:msA.v1:161v,urn:cts:greekLit:tlg0012.tlg001:12.370-12.408
urn:cite2:hmt:msA.v1:162v,urn:cts:greekLit:tlg0012.tlg001:12.409-12.412
urn:cite2:hmt:msA.v1:162v,urn:cts:greekLit:tlg0012.tlg001:12.413-12.439
urn:cite2:hmt:msA.v1:163r,urn:cts:greekLit:tlg0012.tlg001:12.440-12.441
urn:cite2:hmt:msA.v1:163r,urn:cts:greekLit:tlg0012.tlg001:12.442-12.471
urn:cite2:hmt:msA.v1:164r,urn:cts:greekLit:tlg0012.tlg001:13.1-13.46
urn:cite2:hmt:msA.v1:164v,urn:cts:greekLit:tlg0012.tlg001:13.47-13.58
urn:cite2:hmt:msA.v1:165r,urn:cts:greekLit:tlg0012.tlg001:13.59-13.67
urn:cite2:hmt:msA.v1:165r,urn:cts:greekLit:tlg0012.tlg001:13.68-13.76
urn:cite2:hmt:msA.v1:165v,urn:cts:greekLit:tlg0012.tlg001:13.77-13.80
urn:cite2:hmt:msA.v1:165v,urn:cts:greekLit:tlg0012.tlg001:13.81-13.94
urn:cite2:hmt:msA.v1:165v,urn:cts:greekLit:tlg0012.tlg001:13.95-13.124
urn:cite2:hmt:msA.v1:166r,urn:cts:greekLit:tlg0012.tlg001:13.125-13.149
urn:cite2:hmt:msA.v1:166v,urn:cts:greekLit:tlg0012.tlg001:13.150-13.154
urn:cite2:hmt:msA.v1:167r,urn:cts:greekLit:tlg0012.tlg001:13.155-13.218
urn:cite2:hmt:msA.v1:168r,urn:cts:greekLit:tlg0012.tlg001:13.219-13.221
urn:cite2:hmt:msA.v1:168r,urn:cts:greekLit:tlg0012.tlg001:13.222-13.231
urn:cite2:hmt:msA.v1:168v,urn:cts:greekLit:tlg0012.tlg001:13.232-13.238
urn:cite2:hmt:msA.v1:168v,urn:cts:greekLit:tlg0012.tlg001:13.239-13.248
urn:cite2:hmt:msA.v1:168v,urn:cts:greekLit:tlg0012.tlg001:13.249-13.254
urn:cite2:hmt:msA.v1:168v,urn:cts:greekLit:tlg0012.tlg001:13.255-13.259
urn:cite2:hmt:msA.v1:169r,urn:cts:greekLit:tlg0012.tlg001:13.260-13.266
urn:cite2:hmt:msA.v1:169r,urn:cts:greekLit:tlg0012.tlg001:13.267-13.274
urn:cite2:hmt:msA.v1:169r,urn:cts:greekLit:tlg0012.tlg001:13.275-13.294
urn:cite2:hmt:msA.v1:169v,urn:cts:greekLit:tlg0012.tlg001:13.295-13.306
urn:cite2:hmt:msA.v1:170r,urn:cts:greekLit:tlg0012.tlg001:13.307-13.311
urn:cite2:hmt:msA.v1:170r,urn:cts:greekLit:tlg0012.tlg001:13.312-13.327
urn:cite2:hmt:msA.v1:170r,urn:cts:greekLit:tlg0012.tlg001:13.328-13.373
urn:cite2:hmt:msA.v1:171r,urn:cts:greekLit:tlg0012.tlg001:13.374-13.382
urn:cite2:hmt:msA.v1:171v,urn:cts:greekLit:tlg0012.tlg001:13.383-13.413
urn:cite2:hmt:msA.v1:172r,urn:cts:greekLit:tlg0012.tlg001:13.414-13.416
urn:cite2:hmt:msA.v1:172r,urn:cts:greekLit:tlg0012.tlg001:13.415-13.445
urn:cite2:hmt:msA.v1:172v,urn:cts:greekLit:tlg0012.tlg001:13.446-13.454
urn:cite2:hmt:msA.v1:172v,urn:cts:greekLit:tlg0012.tlg001:13.455-13.462
urn:cite2:hmt:msA.v1:173r,urn:cts:greekLit:tlg0012.tlg001:13.463-13.467
urn:cite2:hmt:msA.v1:173r,urn:cts:greekLit:tlg0012.tlg001:13.468-13.480
urn:cite2:hmt:msA.v1:173r,urn:cts:greekLit:tlg0012.tlg001:13.481-13.486
urn:cite2:hmt:msA.v1:173v,urn:cts:greekLit:tlg0012.tlg001:13.487-13.619
urn:cite2:hmt:msA.v1:176r,urn:cts:greekLit:tlg0012.tlg001:13.620-13.629
urn:cite2:hmt:msA.v1:176v,urn:cts:greekLit:tlg0012.tlg001:13.640-13.725
urn:cite2:hmt:msA.v1:178r,urn:cts:greekLit:tlg0012.tlg001:13.726-13.747
urn:cite2:hmt:msA.v1:178v,urn:cts:greekLit:tlg0012.tlg001:13.748-13.750
urn:cite2:hmt:msA.v1:178v,urn:cts:greekLit:tlg0012.tlg001:13.751-13.753
urn:cite2:hmt:msA.v1:178v,urn:cts:greekLit:tlg0012.tlg001:13.754-13.768
urn:cite2:hmt:msA.v1:179r,urn:cts:greekLit:tlg0012.tlg001:13.769-13.774
urn:cite2:hmt:msA.v1:179r,urn:cts:greekLit:tlg0012.tlg001:13.775-13.786
urn:cite2:hmt:msA.v1:179r,urn:cts:greekLit:tlg0012.tlg001:13.788-13.809
urn:cite2:hmt:msA.v1:179v,urn:cts:greekLit:tlg0012.tlg001:13.810-13.820
urn:cite2:hmt:msA.v1:180r,urn:cts:greekLit:tlg0012.tlg001:13.821-13.823
urn:cite2:hmt:msA.v1:180r,urn:cts:greekLit:tlg0012.tlg001:13.824-13.832
urn:cite2:hmt:msA.v1:180r,urn:cts:greekLit:tlg0012.tlg001:13.833-13.837
urn:cite2:hmt:msA.v1:180v,urn:cts:greekLit:tlg0012.tlg001:14.1-14.2
urn:cite2:hmt:msA.v1:180v,urn:cts:greekLit:tlg0012.tlg001:14.3-14.8
urn:cite2:hmt:msA.v1:180v,urn:cts:greekLit:tlg0012.tlg001:14.9-14.41
urn:cite2:hmt:msA.v1:181r,urn:cts:greekLit:tlg0012.tlg001:14.42-14.52
urn:cite2:hmt:msA.v1:181v,urn:cts:greekLit:tlg0012.tlg001:14.53-14.64
urn:cite2:hmt:msA.v1:181v,urn:cts:greekLit:tlg0012.tlg001:14.65-14.82
urn:cite2:hmt:msA.v1:182r,urn:cts:greekLit:tlg0012.tlg001:14.83-14.103
urn:cite2:hmt:msA.v1:182v,urn:cts:greekLit:tlg0012.tlg001:14.104-14.109
urn:cite2:hmt:msA.v1:182v,urn:cts:greekLit:tlg0012.tlg001:14.110-14.132
urn:cite2:hmt:msA.v1:183r,urn:cts:greekLit:tlg0012.tlg001:14.133-14.138
urn:cite2:hmt:msA.v1:183r,urn:cts:greekLit:tlg0012.tlg001:14.139-14.146
urn:cite2:hmt:msA.v1:183r,urn:cts:greekLit:tlg0012.tlg001:14.147-14.152
urn:cite2:hmt:msA.v1:183r,urn:cts:greekLit:tlg0012.tlg001:14.153-14.189
urn:cite2:hmt:msA.v1:184r,urn:cts:greekLit:tlg0012.tlg001:14.190-14.193
urn:cite2:hmt:msA.v1:184r,urn:cts:greekLit:tlg0012.tlg001:14.194-14.197
urn:cite2:hmt:msA.v1:184r,urn:cts:greekLit:tlg0012.tlg001:14.198-14.211
urn:cite2:hmt:msA.v1:184v,urn:cts:greekLit:tlg0012.tlg001:14.212-14.213
urn:cite2:hmt:msA.v1:184v,urn:cts:greekLit:tlg0012.tlg001:14.214-14.218
urn:cite2:hmt:msA.v1:184v,urn:cts:greekLit:tlg0012.tlg001:14.219-14.221
urn:cite2:hmt:msA.v1:184v,urn:cts:greekLit:tlg0012.tlg001:14.222-14.232
urn:cite2:hmt:msA.v1:185r,urn:cts:greekLit:tlg0012.tlg001:14.233-14.242
urn:cite2:hmt:msA.v1:185r,urn:cts:greekLit:tlg0012.tlg001:14.243-14.263
urn:cite2:hmt:msA.v1:185v,urn:cts:greekLit:tlg0012.tlg001:14.264-14.269
urn:cite2:hmt:msA.v1:185v,urn:cts:greekLit:tlg0012.tlg001:14.270-14.270
urn:cite2:hmt:msA.v1:185v,urn:cts:greekLit:tlg0012.tlg001:14.271-14.276
urn:cite2:hmt:msA.v1:185v,urn:cts:greekLit:tlg0012.tlg001:14.277-14.297
urn:cite2:hmt:msA.v1:186r,urn:cts:greekLit:tlg0012.tlg001:14.298-14.300
urn:cite2:hmt:msA.v1:186r,urn:cts:greekLit:tlg0012.tlg001:14.301-14.312
urn:cite2:hmt:msA.v1:186v,urn:cts:greekLit:tlg0012.tlg001:14.313-14.329
urn:cite2:hmt:msA.v1:187r,urn:cts:greekLit:tlg0012.tlg001:14.330-14.341
urn:cite2:hmt:msA.v1:187r,urn:cts:greekLit:tlg0012.tlg001:14.342-14.345
urn:cite2:hmt:msA.v1:187r,urn:cts:greekLit:tlg0012.tlg001:14.346-14.356
urn:cite2:hmt:msA.v1:187v,urn:cts:greekLit:tlg0012.tlg001:14.357-14.360
urn:cite2:hmt:msA.v1:187v,urn:cts:greekLit:tlg0012.tlg001:14.361-14.363
urn:cite2:hmt:msA.v1:187v,urn:cts:greekLit:tlg0012.tlg001:14.364-14.377
urn:cite2:hmt:msA.v1:187v,urn:cts:greekLit:tlg0012.tlg001:14.378-14.453
urn:cite2:hmt:msA.v1:189r,urn:cts:greekLit:tlg0012.tlg001:14.454-14.457
urn:cite2:hmt:msA.v1:189v,urn:cts:greekLit:tlg0012.tlg001:14.458-14.469
urn:cite2:hmt:msA.v1:189v,urn:cts:greekLit:tlg0012.tlg001:14.470-14.474
urn:cite2:hmt:msA.v1:189v,urn:cts:greekLit:tlg0012.tlg001:14.475-14.478
urn:cite2:hmt:msA.v1:189v,urn:cts:greekLit:tlg0012.tlg001:14.479-14.485
urn:cite2:hmt:msA.v1:190r,urn:cts:greekLit:tlg0012.tlg001:14.486-14.500
urn:cite2:hmt:msA.v1:190r,urn:cts:greekLit:tlg0012.tlg001:14.501-14.521
urn:cite2:hmt:msA.v1:190v,urn:cts:greekLit:tlg0012.tlg001:14.505-14.522
urn:cite2:hmt:msA.v1:191r,urn:cts:greekLit:tlg0012.tlg001:15.1-15.13
urn:cite2:hmt:msA.v1:191r,urn:cts:greekLit:tlg0012.tlg001:15.14-15.33
urn:cite2:hmt:msA.v1:191v,urn:cts:greekLit:tlg0012.tlg001:15.34-15.35
urn:cite2:hmt:msA.v1:191v,urn:cts:greekLit:tlg0012.tlg001:15.36-15.46
urn:cite2:hmt:msA.v1:191v,urn:cts:greekLit:tlg0012.tlg001:15.47-15.48
urn:cite2:hmt:msA.v1:191v,urn:cts:greekLit:tlg0012.tlg001:15.49-15.77
urn:cite2:hmt:msA.v1:192v,urn:cts:greekLit:tlg0012.tlg001:15.78-15.89
urn:cite2:hmt:msA.v1:192v,urn:cts:greekLit:tlg0012.tlg001:15.90-15.92
urn:cite2:hmt:msA.v1:192v,urn:cts:greekLit:tlg0012.tlg001:15.93-15.99
urn:cite2:hmt:msA.v1:192v,urn:cts:greekLit:tlg0012.tlg001:15.100-15.103
urn:cite2:hmt:msA.v1:193r,urn:cts:greekLit:tlg0012.tlg001:15.104-15.112
urn:cite2:hmt:msA.v1:193r,urn:cts:greekLit:tlg0012.tlg001:15.113-15.114
urn:cite2:hmt:msA.v1:193r,urn:cts:greekLit:tlg0012.tlg001:15.115-15.118
urn:cite2:hmt:msA.v1:193r,urn:cts:greekLit:tlg0012.tlg001:15.119-15.141
urn:cite2:hmt:msA.v1:193v,urn:cts:greekLit:tlg0012.tlg001:15.142-15.148
urn:cite2:hmt:msA.v1:193v,urn:cts:greekLit:tlg0012.tlg001:15.149-15.167
urn:cite2:hmt:msA.v1:194r,urn:cts:greekLit:tlg0012.tlg001:15.168-15.173
urn:cite2:hmt:msA.v1:194r,urn:cts:greekLit:tlg0012.tlg001:15.174-15.184
urn:cite2:hmt:msA.v1:194v,urn:cts:greekLit:tlg0012.tlg001:15.185-15.200
urn:cite2:hmt:msA.v1:194v,urn:cts:greekLit:tlg0012.tlg001:15.201-15.204
urn:cite2:hmt:msA.v1:195r,urn:cts:greekLit:tlg0012.tlg001:15.206-15.220
urn:cite2:hmt:msA.v1:195r,urn:cts:greekLit:tlg0012.tlg001:15.221-15.235
urn:cite2:hmt:msA.v1:195v,urn:cts:greekLit:tlg0012.tlg001:15.236-15.243
urn:cite2:hmt:msA.v1:195v,urn:cts:greekLit:tlg0012.tlg001:15.244-15.246
urn:cite2:hmt:msA.v1:195v,urn:cts:greekLit:tlg0012.tlg001:15.247-15.253
urn:cite2:hmt:msA.v1:196r,urn:cts:greekLit:tlg0012.tlg001:15.254-15.261
urn:cite2:hmt:msA.v1:196r,urn:cts:greekLit:tlg0012.tlg001:15.262-15.285
urn:cite2:hmt:msA.v1:196v,urn:cts:greekLit:tlg0012.tlg001:15.286-15.299
urn:cite2:hmt:msA.v1:196v,urn:cts:greekLit:tlg0012.tlg001:15.300-15.351
urn:cite2:hmt:msA.v1:198r,urn:cts:greekLit:tlg0012.tlg001:15.352-15.371
urn:cite2:hmt:msA.v1:198r,urn:cts:greekLit:tlg0012.tlg001:15.372-15.176
urn:cite2:hmt:msA.v1:198v,urn:cts:greekLit:tlg0012.tlg001:15.177-15.404
urn:cite2:hmt:msA.v1:199r,urn:cts:greekLit:tlg0012.tlg001:15.405-15.424
urn:cite2:hmt:msA.v1:199r,urn:cts:greekLit:tlg0012.tlg001:15.425-15.428
urn:cite2:hmt:msA.v1:199v,urn:cts:greekLit:tlg0012.tlg001:15.429-15.436
urn:cite2:hmt:msA.v1:199v,urn:cts:greekLit:tlg0012.tlg001:15.437-15.441
urn:cite2:hmt:msA.v1:199v,urn:cts:greekLit:tlg0012.tlg001:15.442-15.466
urn:cite2:hmt:msA.v1:200r,urn:cts:greekLit:tlg0012.tlg001:15.467-15.471
urn:cite2:hmt:msA.v1:200r,urn:cts:greekLit:tlg0012.tlg001:15.472-15.477
urn:cite2:hmt:msA.v1:200v,urn:cts:greekLit:tlg0012.tlg001:15.478-15.499
urn:cite2:hmt:msA.v1:200v,urn:cts:greekLit:tlg0012.tlg001:15.500-15.501
urn:cite2:hmt:msA.v1:200v,urn:cts:greekLit:tlg0012.tlg001:15.502-15.513
urn:cite2:hmt:msA.v1:201r,urn:cts:greekLit:tlg0012.tlg001:15.514-15.552
urn:cite2:hmt:msA.v1:202r,urn:cts:greekLit:tlg0012.tlg001:15.553-15.558
urn:cite2:hmt:msA.v1:202r,urn:cts:greekLit:tlg0012.tlg001:15.559-15.560
urn:cite2:hmt:msA.v1:202r,urn:cts:greekLit:tlg0012.tlg001:15.561-15.564
urn:cite2:hmt:msA.v1:202r,urn:cts:greekLit:tlg0012.tlg001:15.565-15.568
urn:cite2:hmt:msA.v1:202r,urn:cts:greekLit:tlg0012.tlg001:15.569-15.571
urn:cite2:hmt:msA.v1:202r,urn:cts:greekLit:tlg0012.tlg001:15.572-15.660
urn:cite2:hmt:msA.v1:204r,urn:cts:greekLit:tlg0012.tlg001:15.661-15.676
urn:cite2:hmt:msA.v1:204r,urn:cts:greekLit:tlg0012.tlg001:15.677-15.725
urn:cite2:hmt:msA.v1:205r,urn:cts:greekLit:tlg0012.tlg001:15.726-15.732
urn:cite2:hmt:msA.v1:205v,urn:cts:greekLit:tlg0012.tlg001:15.733-15.741
urn:cite2:hmt:msA.v1:205v,urn:cts:greekLit:tlg0012.tlg001:15.742-15.746
urn:cite2:hmt:msA.v1:206r,urn:cts:greekLit:tlg0012.tlg001:16.1-16.6
urn:cite2:hmt:msA.v1:206r,urn:cts:greekLit:tlg0012.tlg001:16.7-16.20
urn:cite2:hmt:msA.v1:206r,urn:cts:greekLit:tlg0012.tlg001:16.21-16.48
urn:cite2:hmt:msA.v1:206v,urn:cts:greekLit:tlg0012.tlg001:16.49-16.100
urn:cite2:hmt:msA.v1:208r,urn:cts:greekLit:tlg0012.tlg001:16.101-16.111
urn:cite2:hmt:msA.v1:208r,urn:cts:greekLit:tlg0012.tlg001:16.112-16.125
urn:cite2:hmt:msA.v1:208r,urn:cts:greekLit:tlg0012.tlg001:16.126-16.129
urn:cite2:hmt:msA.v1:208v,urn:cts:greekLit:tlg0012.tlg001:16.130-16.199
urn:cite2:hmt:msA.v1:209v,urn:cts:greekLit:tlg0012.tlg001:16.200-16.209
urn:cite2:hmt:msA.v1:210r,urn:cts:greekLit:tlg0012.tlg001:16.210-16.232
urn:cite2:hmt:msA.v1:210v,urn:cts:greekLit:tlg0012.tlg001:16.233-16.268
urn:cite2:hmt:msA.v1:211r,urn:cts:greekLit:tlg0012.tlg001:16.269-16.274
urn:cite2:hmt:msA.v1:211r,urn:cts:greekLit:tlg0012.tlg001:16.275-16.421
urn:cite2:hmt:msA.v1:214r,urn:cts:greekLit:tlg0012.tlg001:16.422-16.425
urn:cite2:hmt:msA.v1:214r,urn:cts:greekLit:tlg0012.tlg001:16.426-16.432
urn:cite2:hmt:msA.v1:214v,urn:cts:greekLit:tlg0012.tlg001:26.433-16.439
urn:cite2:hmt:msA.v1:214v,urn:cts:greekLit:tlg0012.tlg001:26.440-16.457
urn:cite2:hmt:msA.v1:215r,urn:cts:greekLit:tlg0012.tlg001:16.458-16.491
urn:cite2:hmt:msA.v1:215v,urn:cts:greekLit:tlg0012.tlg001:16.492-16.501
urn:cite2:hmt:msA.v1:215v,urn:cts:greekLit:tlg0012.tlg001:16.502-16.513
urn:cite2:hmt:msA.v1:216r,urn:cts:greekLit:tlg0012.tlg001:16.514-16.526
urn:cite2:hmt:msA.v1:216r,urn:cts:greekLit:tlg0012.tlg001:16.527-16.537
urn:cite2:hmt:msA.v1:216v,urn:cts:greekLit:tlg0012.tlg001:16.538-16.547
urn:cite2:hmt:msA.v1:216v,urn:cts:greekLit:tlg0012.tlg001:16.548-16.555
urn:cite2:hmt:msA.v1:217r,urn:cts:greekLit:tlg0012.tlg001:16.556-16.561
urn:cite2:hmt:msA.v1:217r,urn:cts:greekLit:tlg0012.tlg001:16.562-16.616
urn:cite2:hmt:msA.v1:218r,urn:cts:greekLit:tlg0012.tlg001:16.617-16.619
urn:cite2:hmt:msA.v1:218r,urn:cts:greekLit:tlg0012.tlg001:16.620-16.625
urn:cite2:hmt:msA.v1:218r,urn:cts:greekLit:tlg0012.tlg001:16.626-16.626
urn:cite2:hmt:msA.v1:218r,urn:cts:greekLit:tlg0012.tlg001:16.627-16.666
urn:cite2:hmt:msA.v1:219r,urn:cts:greekLit:tlg0012.tlg001:16.667-16.675
urn:cite2:hmt:msA.v1:219r,urn:cts:greekLit:tlg0012.tlg001:16.676-16.706
urn:cite2:hmt:msA.v1:220r,urn:cts:greekLit:tlg0012.tlg001:16.707-16.709
urn:cite2:hmt:msA.v1:220r,urn:cts:greekLit:tlg0012.tlg001:16.710-16.720
urn:cite2:hmt:msA.v1:220r,urn:cts:greekLit:tlg0012.tlg001:16.721-16.725
urn:cite2:hmt:msA.v1:220r,urn:cts:greekLit:tlg0012.tlg001:16.726-16.744
urn:cite2:hmt:msA.v1:220v,urn:cts:greekLit:tlg0012.tlg001:16.745-16.750
urn:cite2:hmt:msA.v1:220v,urn:cts:greekLit:tlg0012.tlg001:16.751-16.829
urn:cite2:hmt:msA.v1:222r,urn:cts:greekLit:tlg0012.tlg001:16.830-16.843
urn:cite2:hmt:msA.v1:222v,urn:cts:greekLit:tlg0012.tlg001:16.844-16.854
urn:cite2:hmt:msA.v1:222v,urn:cts:greekLit:tlg0012.tlg001:16.855-16.858
urn:cite2:hmt:msA.v1:223r,urn:cts:greekLit:tlg0012.tlg001:16.859-16.861
urn:cite2:hmt:msA.v1:223r,urn:cts:greekLit:tlg0012.tlg001:16.862-16.867
urn:cite2:hmt:msA.v1:223v,urn:cts:greekLit:tlg0012.tlg001:17.1-17.11
urn:cite2:hmt:msA.v1:223v,urn:cts:greekLit:tlg0012.tlg001:17.12-17.18
urn:cite2:hmt:msA.v1:223v,urn:cts:greekLit:tlg0012.tlg001:17.19-17.32
urn:cite2:hmt:msA.v1:224r,urn:cts:greekLit:tlg0012.tlg001:17.33-17.33
urn:cite2:hmt:msA.v1:224r,urn:cts:greekLit:tlg0012.tlg001:17.34-17.42
urn:cite2:hmt:msA.v1:224r,urn:cts:greekLit:tlg0012.tlg001:17.43-17.74
urn:cite2:hmt:msA.v1:224v,urn:cts:greekLit:tlg0012.tlg001:17.75-17.81
urn:cite2:hmt:msA.v1:225r,urn:cts:greekLit:tlg0012.tlg001:17.82-17.90
urn:cite2:hmt:msA.v1:225r,urn:cts:greekLit:tlg0012.tlg001:17.91-17.105
urn:cite2:hmt:msA.v1:225v,urn:cts:greekLit:tlg0012.tlg001:17.106-17.119
urn:cite2:hmt:msA.v1:225v,urn:cts:greekLit:tlg0012.tlg001:17.120-17.141
urn:cite2:hmt:msA.v1:226r,urn:cts:greekLit:tlg0012.tlg001:17.142-17.169
urn:cite2:hmt:msA.v1:226v,urn:cts:greekLit:tlg0012.tlg001:17.170-17.182
urn:cite2:hmt:msA.v1:227r,urn:cts:greekLit:tlg0012.tlg001:17.183-17.187
urn:cite2:hmt:msA.v1:227r,urn:cts:greekLit:tlg0012.tlg001:17.188-17.200
urn:cite2:hmt:msA.v1:227r,urn:cts:greekLit:tlg0012.tlg001:17.201-17.108
urn:cite2:hmt:msA.v1:227v,urn:cts:greekLit:tlg0012.tlg001:17.209-17.219
urn:cite2:hmt:msA.v1:227v,urn:cts:greekLit:tlg0012.tlg001:17.220-17.232
urn:cite2:hmt:msA.v1:228r,urn:cts:greekLit:tlg0012.tlg001:17.233-17.237
urn:cite2:hmt:msA.v1:228r,urn:cts:greekLit:tlg0012.tlg001:17.238-17.245
urn:cite2:hmt:msA.v1:228r,urn:cts:greekLit:tlg0012.tlg001:17.246-17.247
urn:cite2:hmt:msA.v1:228r,urn:cts:greekLit:tlg0012.tlg001:17.248-17.255
urn:cite2:hmt:msA.v1:228v,urn:cts:greekLit:tlg0012.tlg001:17.256-17.276
urn:cite2:hmt:msA.v1:(replacement pages)
urn:cite2:hmt:msA.v1:235r,urn:cts:greekLit:tlg0012.tlg001:17.578-17.585
urn:cite2:hmt:msA.v1:235r,urn:cts:greekLit:tlg0012.tlg001:17.586-17.590
urn:cite2:hmt:msA.v1:235r,urn:cts:greekLit:tlg0012.tlg001:17.591-17.621
urn:cite2:hmt:msA.v1:235v,urn:cts:greekLit:tlg0012.tlg001:17.622-17.623
urn:cite2:hmt:msA.v1:235v,urn:cts:greekLit:tlg0012.tlg001:17.624-17.628
urn:cite2:hmt:msA.v1:235v,urn:cts:greekLit:tlg0012.tlg001:17.629-17.647
urn:cite2:hmt:msA.v1:236r,urn:cts:greekLit:tlg0012.tlg001:17.648-17.651
urn:cite2:hmt:msA.v1:236r,urn:cts:greekLit:tlg0012.tlg001:17.652-17.655
urn:cite2:hmt:msA.v1:236v,urn:cts:greekLit:tlg0012.tlg001:17.656-17.668
urn:cite2:hmt:msA.v1:236v,urn:cts:greekLit:tlg0012.tlg001:17.669-17.672
urn:cite2:hmt:msA.v1:236v,urn:cts:greekLit:tlg0012.tlg001:17.673-17.684
urn:cite2:hmt:msA.v1:237r,urn:cts:greekLit:tlg0012.tlg001:17.685-17.693
urn:cite2:hmt:msA.v1:237r,urn:cts:greekLit:tlg0012.tlg001:17.694-17.707
urn:cite2:hmt:msA.v1:237v,urn:cts:greekLit:tlg0012.tlg001:17.708-17.715
urn:cite2:hmt:msA.v1:237v,urn:cts:greekLit:tlg0012.tlg001:17.716-17.721
urn:cite2:hmt:msA.v1:237v,urn:cts:greekLit:tlg0012.tlg001:17.722-17.728
urn:cite2:hmt:msA.v1:(replacement pages)
urn:cite2:hmt:msA.v1:239r,urn:cts:greekLit:tlg0012.tlg001:18.1-18.5
urn:cite2:hmt:msA.v1:239r,urn:cts:greekLit:tlg0012.tlg001:18.6-18.14
urn:cite2:hmt:msA.v1:239r,urn:cts:greekLit:tlg0012.tlg001:18.15-18.17
urn:cite2:hmt:msA.v1:239r,urn:cts:greekLit:tlg0012.tlg001:18.18-18.21
urn:cite2:hmt:msA.v1:239r,urn:cts:greekLit:tlg0012.tlg001:18.22-18.51
urn:cite2:hmt:msA.v1:240r,urn:cts:greekLit:tlg0012.tlg001:18.52-18.64
urn:cite2:hmt:msA.v1:240r,urn:cts:greekLit:tlg0012.tlg001:18.65-18.72
urn:cite2:hmt:msA.v1:240r,urn:cts:greekLit:tlg0012.tlg001:18.73-18.78
urn:cite2:hmt:msA.v1:240v,urn:cts:greekLit:tlg0012.tlg001:18.79-18.94
urn:cite2:hmt:msA.v1:240v,urn:cts:greekLit:tlg0012.tlg001:18.95-18.97
urn:cite2:hmt:msA.v1:240v,urn:cts:greekLit:tlg0012.tlg001:18.98-18.127
urn:cite2:hmt:msA.v1:241v,urn:cts:greekLit:tlg0012.tlg001:18.128-18.137
urn:cite2:hmt:msA.v1:241v,urn:cts:greekLit:tlg0012.tlg001:18.138-18.139
urn:cite2:hmt:msA.v1:241v,urn:cts:greekLit:tlg0012.tlg001:18.140-18.144
urn:cite2:hmt:msA.v1:241v,urn:cts:greekLit:tlg0012.tlg001:18.145-18.169
urn:cite2:hmt:msA.v1:242r,urn:cts:greekLit:tlg0012.tlg001:18.170-18.181
urn:cite2:hmt:msA.v1:242v,urn:cts:greekLit:tlg0012.tlg001:18.182-18.183
urn:cite2:hmt:msA.v1:242v,urn:cts:greekLit:tlg0012.tlg001:18.184-18.187
urn:cite2:hmt:msA.v1:242v,urn:cts:greekLit:tlg0012.tlg001:18.188-18.196
urn:cite2:hmt:msA.v1:242v,urn:cts:greekLit:tlg0012.tlg001:18.197-18.201
urn:cite2:hmt:msA.v1:242v,urn:cts:greekLit:tlg0012.tlg001:18.202-18.184
urn:cite2:hmt:msA.v1:244v,urn:cts:greekLit:tlg0012.tlg001:18.285-18.323
urn:cite2:hmt:msA.v1:245r,urn:cts:greekLit:tlg0012.tlg001:18.324-18.342
urn:cite2:hmt:msA.v1:245v,urn:cts:greekLit:tlg0012.tlg001:18.343-18.356
urn:cite2:hmt:msA.v1:246r,urn:cts:greekLit:tlg0012.tlg001:18.357-18.360
urn:cite2:hmt:msA.v1:246r,urn:cts:greekLit:tlg0012.tlg001:18.361-18.367
urn:cite2:hmt:msA.v1:246r,urn:cts:greekLit:tlg0012.tlg001:18.368-18.384
urn:cite2:hmt:msA.v1:246v,urn:cts:greekLit:tlg0012.tlg001:18.385-18.387
urn:cite2:hmt:msA.v1:246v,urn:cts:greekLit:tlg0012.tlg001:18.388-18.391
urn:cite2:hmt:msA.v1:246v,urn:cts:greekLit:tlg0012.tlg001:18.392-18.393
urn:cite2:hmt:msA.v1:246v,urn:cts:greekLit:tlg0012.tlg001:18.394-18.409
urn:cite2:hmt:msA.v1:247r,urn:cts:greekLit:tlg0012.tlg001:18.410-18.423
urn:cite2:hmt:msA.v1:247r,urn:cts:greekLit:tlg0012.tlg001:18.424-18.428
urn:cite2:hmt:msA.v1:247r,urn:cts:greekLit:tlg0012.tlg001:18.429-18.462
urn:cite2:hmt:msA.v1:248r,urn:cts:greekLit:tlg0012.tlg001:18.463-18.467
urn:cite2:hmt:msA.v1:248r,urn:cts:greekLit:tlg0012.tlg001:18.468-18.482
urn:cite2:hmt:msA.v1:248v,urn:cts:greekLit:tlg0012.tlg001:18.483-18.617
urn:cite2:hmt:msA.v1:251v,urn:cts:greekLit:tlg0012.tlg001:19.1-19.7
urn:cite2:hmt:msA.v1:251v,urn:cts:greekLit:tlg0012.tlg001:19.8-19.11
urn:cite2:hmt:msA.v1:251v,urn:cts:greekLit:tlg0012.tlg001:19.12-19.20
urn:cite2:hmt:msA.v1:251v,urn:cts:greekLit:tlg0012.tlg001:19.21-19.28
urn:cite2:hmt:msA.v1:252r,urn:cts:greekLit:tlg0012.tlg001:19.29-19.36
urn:cite2:hmt:msA.v1:252r,urn:cts:greekLit:tlg0012.tlg001:19.37-19.55
urn:cite2:hmt:msA.v1:252v,urn:cts:greekLit:tlg0012.tlg001:19.56-19.73
urn:cite2:hmt:msA.v1:252v,urn:cts:greekLit:tlg0012.tlg001:19.74-19.77
urn:cite2:hmt:msA.v1:235r,urn:cts:greekLit:tlg0012.tlg001:19.78-19.125
urn:cite2:hmt:msA.v1:(replacement pages)
urn:cite2:hmt:msA.v1:258r,urn:cts:greekLit:tlg0012.tlg001:19.338-19.341
urn:cite2:hmt:msA.v1:258r,urn:cts:greekLit:tlg0012.tlg001:19.342-19.348
urn:cite2:hmt:msA.v1:258r,urn:cts:greekLit:tlg0012.tlg001:19.349-19.404
urn:cite2:hmt:msA.v1:259r,urn:cts:greekLit:tlg0012.tlg001:19.405-19.407
urn:cite2:hmt:msA.v1:259v,urn:cts:greekLit:tlg0012.tlg001:19.408-19.417
urn:cite2:hmt:msA.v1:259v,urn:cts:greekLit:tlg0012.tlg001:19.418-19.419
urn:cite2:hmt:msA.v1:259v,urn:cts:greekLit:tlg0012.tlg001:19.420-19.423
urn:cite2:hmt:msA.v1:259v,urn:cts:greekLit:tlg0012.tlg001:19.424-19.424
urn:cite2:hmt:msA.v1:260r,urn:cts:greekLit:tlg0012.tlg001:20.1-20.15
urn:cite2:hmt:msA.v1:260r,urn:cts:greekLit:tlg0012.tlg001:20.16-20.19
urn:cite2:hmt:msA.v1:260r,urn:cts:greekLit:tlg0012.tlg001:20.20-20.30
urn:cite2:hmt:msA.v1:260v,urn:cts:greekLit:tlg0012.tlg001:20.31-20.66
urn:cite2:hmt:msA.v1:261r,urn:cts:greekLit:tlg0012.tlg001:20.67-20.82
urn:cite2:hmt:msA.v1:261v,urn:cts:greekLit:tlg0012.tlg001:20.83-20.86
urn:cite2:hmt:msA.v1:261v,urn:cts:greekLit:tlg0012.tlg001:20.87-20.103
urn:cite2:hmt:msA.v1:262r,urn:cts:greekLit:tlg0012.tlg001:20.104-20.109
urn:cite2:hmt:msA.v1:262r,urn:cts:greekLit:tlg0012.tlg001:20.110-20.114
urn:cite2:hmt:msA.v1:262r,urn:cts:greekLit:tlg0012.tlg001:20.115-20.143
urn:cite2:hmt:msA.v1:262v,urn:cts:greekLit:tlg0012.tlg001:20.144-20.177
urn:cite2:hmt:msA.v1:263v,urn:cts:greekLit:tlg0012.tlg001:20.178-20.199
urn:cite2:hmt:msA.v1:263v,urn:cts:greekLit:tlg0012.tlg001:20.200-20.292
urn:cite2:hmt:msA.v1:265v,urn:cts:greekLit:tlg0012.tlg001:20.293-20.309
urn:cite2:hmt:msA.v1:266r,urn:cts:greekLit:tlg0012.tlg001:20.310-20.317
urn:cite2:hmt:msA.v1:266r,urn:cts:greekLit:tlg0012.tlg001:20.318-20.331
urn:cite2:hmt:msA.v1:266v,urn:cts:greekLit:tlg0012.tlg001:20.332-20.339
urn:cite2:hmt:msA.v1:266v,urn:cts:greekLit:tlg0012.tlg001:20.340-20.343
urn:cite2:hmt:msA.v1:266v,urn:cts:greekLit:tlg0012.tlg001:20.344-20.352
urn:cite2:hmt:msA.v1:266v,urn:cts:greekLit:tlg0012.tlg001:20.353-20.353
urn:cite2:hmt:msA.v1:266v,urn:cts:greekLit:tlg0012.tlg001:20.354-20.363
urn:cite2:hmt:msA.v1:267r,urn:cts:greekLit:tlg0012.tlg001:20.364-20.365
urn:cite2:hmt:msA.v1:267r,urn:cts:greekLit:tlg0012.tlg001:20.366-20.372
urn:cite2:hmt:msA.v1:267r,urn:cts:greekLit:tlg0012.tlg001:20.373-20.375
urn:cite2:hmt:msA.v1:267r,urn:cts:greekLit:tlg0012.tlg001:20.376-20.378
urn:cite2:hmt:msA.v1:267r,urn:cts:greekLit:tlg0012.tlg001:20.379-20.388
urn:cite2:hmt:msA.v1:267v,urn:cts:greekLit:tlg0012.tlg001:20.389-20.392
urn:cite2:hmt:msA.v1:267v,urn:cts:greekLit:tlg0012.tlg001:20.393-20.424
urn:cite2:hmt:msA.v1:268r,urn:cts:greekLit:tlg0012.tlg001:20.425-20.427
urn:cite2:hmt:msA.v1:268r,urn:cts:greekLit:tlg0012.tlg001:20.428-20.430
urn:cite2:hmt:msA.v1:268r,urn:cts:greekLit:tlg0012.tlg001:20.431-20.437
urn:cite2:hmt:msA.v1:268v,urn:cts:greekLit:tlg0012.tlg001:20.438-20.448
urn:cite2:hmt:msA.v1:268v,urn:cts:greekLit:tlg0012.tlg001:20.449-20.254
urn:cite2:hmt:msA.v1:268v,urn:cts:greekLit:tlg0012.tlg001:20.455-20.503
urn:cite2:hmt:msA.v1:270r,urn:cts:greekLit:tlg0012.tlg001:21.1-21.63
urn:cite2:hmt:msA.v1:271r,urn:cts:greekLit:tlg0012.tlg001:21.64-21.73
urn:cite2:hmt:msA.v1:271r,urn:cts:greekLit:tlg0012.tlg001:21.74-21.96
urn:cite2:hmt:msA.v1:271v,urn:cts:greekLit:tlg0012.tlg001:21.97-21.98
urn:cite2:hmt:msA.v1:271v,urn:cts:greekLit:tlg0012.tlg001:21.99-21.113
urn:cite2:hmt:msA.v1:272r,urn:cts:greekLit:tlg0012.tlg001:21.114-21.121
urn:cite2:hmt:msA.v1:272r,urn:cts:greekLit:tlg0012.tlg001:21.122-21.134
urn:cite2:hmt:msA.v1:272v,urn:cts:greekLit:tlg0012.tlg001:21.135-21.149
urn:cite2:hmt:msA.v1:272v,urn:cts:greekLit:tlg0012.tlg001:21.150-21.152
urn:cite2:hmt:msA.v1:273r,urn:cts:greekLit:tlg0012.tlg001:21.153-21.160
urn:cite2:hmt:msA.v1:273r,urn:cts:greekLit:tlg0012.tlg001:21.161-21.183
urn:cite2:hmt:msA.v1:273v,urn:cts:greekLit:tlg0012.tlg001:21.184-21.199
urn:cite2:hmt:msA.v1:273v,urn:cts:greekLit:tlg0012.tlg001:21.200-21.213
urn:cite2:hmt:msA.v1:274r,urn:cts:greekLit:tlg0012.tlg001:21.214-21.222
urn:cite2:hmt:msA.v1:274r,urn:cts:greekLit:tlg0012.tlg001:21.223-21.226
urn:cite2:hmt:msA.v1:274r,urn:cts:greekLit:tlg0012.tlg001:21.227-21.228
urn:cite2:hmt:msA.v1:274v,urn:cts:greekLit:tlg0012.tlg001:21.229-21.231
urn:cite2:hmt:msA.v1:274v,urn:cts:greekLit:tlg0012.tlg001:21.232-21.272
urn:cite2:hmt:msA.v1:275r,urn:cts:greekLit:tlg0012.tlg001:21.273-21.283
urn:cite2:hmt:msA.v1:275v,urn:cts:greekLit:tlg0012.tlg001:21.284-21.287
urn:cite2:hmt:msA.v1:275v,urn:cts:greekLit:tlg0012.tlg001:21.288-21.297
urn:cite2:hmt:msA.v1:275v,urn:cts:greekLit:tlg0012.tlg001:21.298-21.307
urn:cite2:hmt:msA.v1:276r,urn:cts:greekLit:tlg0012.tlg001:21.308-21.323
urn:cite2:hmt:msA.v1:276r,urn:cts:greekLit:tlg0012.tlg001:21.324-21.341
urn:cite2:hmt:msA.v1:276v,urn:cts:greekLit:tlg0012.tlg001:21.342-21.356
urn:cite2:hmt:msA.v1:277r,urn:cts:greekLit:tlg0012.tlg001:21.357-21.360
urn:cite2:hmt:msA.v1:277r,urn:cts:greekLit:tlg0012.tlg001:21.361-21.368
urn:cite2:hmt:msA.v1:277r,urn:cts:greekLit:tlg0012.tlg001:21.369-21.376
urn:cite2:hmt:msA.v1:277r,urn:cts:greekLit:tlg0012.tlg001:21.377-21.378
urn:cite2:hmt:msA.v1:277v,urn:cts:greekLit:tlg0012.tlg001:21.379-21.380
urn:cite2:hmt:msA.v1:277v,urn:cts:greekLit:tlg0012.tlg001:21.381-21.393
urn:cite2:hmt:msA.v1:277v,urn:cts:greekLit:tlg0012.tlg001:21.394-21.399
urn:cite2:hmt:msA.v1:277v,urn:cts:greekLit:tlg0012.tlg001:21.400-21.409
urn:cite2:hmt:msA.v1:278r,urn:cts:greekLit:tlg0012.tlg001:21.410-21.414
urn:cite2:hmt:msA.v1:278r,urn:cts:greekLit:tlg0012.tlg001:21.415-21.419
urn:cite2:hmt:msA.v1:278r,urn:cts:greekLit:tlg0012.tlg001:21.420-21.422
urn:cite2:hmt:msA.v1:278r,urn:cts:greekLit:tlg0012.tlg001:21.423-21.427
urn:cite2:hmt:msA.v1:278v,urn:cts:greekLit:tlg0012.tlg001:21.428-21.435
urn:cite2:hmt:msA.v1:278v,urn:cts:greekLit:tlg0012.tlg001:21.436-21.461
urn:cite2:hmt:msA.v1:279r,urn:cts:greekLit:tlg0012.tlg001:21.462-21.467
urn:cite2:hmt:msA.v1:279r,urn:cts:greekLit:tlg0012.tlg001:21.468-21.471
urn:cite2:hmt:msA.v1:279r,urn:cts:greekLit:tlg0012.tlg001:21.472-21.477
urn:cite2:hmt:msA.v1:279r,urn:cts:greekLit:tlg0012.tlg001:21.478-21.480
urn:cite2:hmt:msA.v1:279v,urn:cts:greekLit:tlg0012.tlg001:21.481-21.488
urn:cite2:hmt:msA.v1:279v,urn:cts:greekLit:tlg0012.tlg001:21.489-21.497
urn:cite2:hmt:msA.v1:279v,urn:cts:greekLit:tlg0012.tlg001:21.498-21.501
urn:cite2:hmt:msA.v1:279v,urn:cts:greekLit:tlg0012.tlg001:21.502-21.508
urn:cite2:hmt:msA.v1:280r,urn:cts:greekLit:tlg0012.tlg001:21.509-21.510
urn:cite2:hmt:msA.v1:280r,urn:cts:greekLit:tlg0012.tlg001:21.512-21.513
urn:cite2:hmt:msA.v1:280r,urn:cts:greekLit:tlg0012.tlg001:21.514-21.530
urn:cite2:hmt:msA.v1:280v,urn:cts:greekLit:tlg0012.tlg001:21.531-21.536
urn:cite2:hmt:msA.v1:280v,urn:cts:greekLit:tlg0012.tlg001:21.537-21.552
urn:cite2:hmt:msA.v1:280v,urn:cts:greekLit:tlg0012.tlg001:21.553-21.570
urn:cite2:hmt:msA.v1:281r,urn:cts:greekLit:tlg0012.tlg001:21.571-21.582
urn:cite2:hmt:msA.v1:281v,urn:cts:greekLit:tlg0012.tlg001:21.583-21.589
urn:cite2:hmt:msA.v1:281v,urn:cts:greekLit:tlg0012.tlg001:21.590-21.611
urn:cite2:hmt:msA.v1:282r,urn:cts:greekLit:tlg0012.tlg001:22.1-22.7
urn:cite2:hmt:msA.v1:282r,urn:cts:greekLit:tlg0012.tlg001:22.8-22.14
urn:cite2:hmt:msA.v1:282v,urn:cts:greekLit:tlg0012.tlg001:22.15-22.20
urn:cite2:hmt:msA.v1:282v,urn:cts:greekLit:tlg0012.tlg001:22.21-22.37
urn:cite2:hmt:msA.v1:283r,urn:cts:greekLit:tlg0012.tlg001:22.38-22.76
urn:cite2:hmt:msA.v1:283v,urn:cts:greekLit:tlg0012.tlg001:22.77-22.81
urn:cite2:hmt:msA.v1:283v,urn:cts:greekLit:tlg0012.tlg001:22.82-22.89
urn:cite2:hmt:msA.v1:284r,urn:cts:greekLit:tlg0012.tlg001:22.90-22.98
urn:cite2:hmt:msA.v1:284r,urn:cts:greekLit:tlg0012.tlg001:22.99-22.130
urn:cite2:hmt:msA.v1:284v,urn:cts:greekLit:tlg0012.tlg001:22.131-22.167
urn:cite2:hmt:msA.v1:285v,urn:cts:greekLit:tlg0012.tlg001:22.168-22.177
urn:cite2:hmt:msA.v1:285v,urn:cts:greekLit:tlg0012.tlg001:22.178-22.182
urn:cite2:hmt:msA.v1:285v,urn:cts:greekLit:tlg0012.tlg001:22.183-22.185
urn:cite2:hmt:msA.v1:286r,urn:cts:greekLit:tlg0012.tlg001:22.186-22.215
urn:cite2:hmt:msA.v1:286v,urn:cts:greekLit:tlg0012.tlg001:22.216-22.225
urn:cite2:hmt:msA.v1:286v,urn:cts:greekLit:tlg0012.tlg001:22.226-22.228
urn:cite2:hmt:msA.v1:286v,urn:cts:greekLit:tlg0012.tlg001:22.229-22.232
urn:cite2:hmt:msA.v1:286v,urn:cts:greekLit:tlg0012.tlg001:22.233-22.238
urn:cite2:hmt:msA.v1:287r,urn:cts:greekLit:tlg0012.tlg001:22.239-22.246
urn:cite2:hmt:msA.v1:287r,urn:cts:greekLit:tlg0012.tlg001:22.247-22.249
urn:cite2:hmt:msA.v1:287r,urn:cts:greekLit:tlg0012.tlg001:22.250-22.260
urn:cite2:hmt:msA.v1:287v,urn:cts:greekLit:tlg0012.tlg001:22.261-22.272
urn:cite2:hmt:msA.v1:287v,urn:cts:greekLit:tlg0012.tlg001:22.273-22.278
urn:cite2:hmt:msA.v1:287v,urn:cts:greekLit:tlg0012.tlg001:22.279-22.288
urn:cite2:hmt:msA.v1:288r,urn:cts:greekLit:tlg0012.tlg001:22.289-22.296
urn:cite2:hmt:msA.v1:288r,urn:cts:greekLit:tlg0012.tlg001:22.297-22.305
urn:cite2:hmt:msA.v1:288r,urn:cts:greekLit:tlg0012.tlg001:22.306-22.330
urn:cite2:hmt:msA.v1:288v,urn:cts:greekLit:tlg0012.tlg001:22.331-22.337
urn:cite2:hmt:msA.v1:289r,urn:cts:greekLit:tlg0012.tlg001:22.338-22.344
urn:cite2:hmt:msA.v1:289r,urn:cts:greekLit:tlg0012.tlg001:22.345-22.355
urn:cite2:hmt:msA.v1:289r,urn:cts:greekLit:tlg0012.tlg001:22.356-22.369
urn:cite2:hmt:msA.v1:289v,urn:cts:greekLit:tlg0012.tlg001:22.361-22.364
urn:cite2:hmt:msA.v1:289v,urn:cts:greekLit:tlg0012.tlg001:22.365-22.366
urn:cite2:hmt:msA.v1:289v,urn:cts:greekLit:tlg0012.tlg001:22.367-22.372
urn:cite2:hmt:msA.v1:289v,urn:cts:greekLit:tlg0012.tlg001:22.373-22.374
urn:cite2:hmt:msA.v1:289v,urn:cts:greekLit:tlg0012.tlg001:22.375-22.377
urn:cite2:hmt:msA.v1:289v,urn:cts:greekLit:tlg0012.tlg001:22.378-22.394
urn:cite2:hmt:msA.v1:290r,urn:cts:greekLit:tlg0012.tlg001:22.395-22.398
urn:cite2:hmt:msA.v1:290r,urn:cts:greekLit:tlg0012.tlg001:22.399-22.415
urn:cite2:hmt:msA.v1:290v,urn:cts:greekLit:tlg0012.tlg001:22.416-22.428
urn:cite2:hmt:msA.v1:290v,urn:cts:greekLit:tlg0012.tlg001:22.429-22.430
urn:cite2:hmt:msA.v1:290v,urn:cts:greekLit:tlg0012.tlg001:22.431-22.436
urn:cite2:hmt:msA.v1:291r,urn:cts:greekLit:tlg0012.tlg001:22.437-22.449
urn:cite2:hmt:msA.v1:291r,urn:cts:greekLit:tlg0012.tlg001:22.450-22.459
urn:cite2:hmt:msA.v1:291r,urn:cts:greekLit:tlg0012.tlg001:22.460-22.476
urn:cite2:hmt:msA.v1:291v,urn:cts:greekLit:tlg0012.tlg001:22.477-22.515
urn:cite2:hmt:msA.v1:292v,urn:cts:greekLit:tlg0012.tlg001:23.1-23.3
urn:cite2:hmt:msA.v1:292v,urn:cts:greekLit:tlg0012.tlg001:23.4-23.11
urn:cite2:hmt:msA.v1:292v,urn:cts:greekLit:tlg0012.tlg001:23.12-23.18
urn:cite2:hmt:msA.v1:293r,urn:cts:greekLit:tlg0012.tlg001:23.19-23.23
urn:cite2:hmt:msA.v1:293r,urn:cts:greekLit:tlg0012.tlg001:23.24-23.42
urn:cite2:hmt:msA.v1:293v,urn:cts:greekLit:tlg0012.tlg001:23.43-23.53
urn:cite2:hmt:msA.v1:293v,urn:cts:greekLit:tlg0012.tlg001:23.54-23.68
urn:cite2:hmt:msA.v1:294r,urn:cts:greekLit:tlg0012.tlg001:23.69-23.93
urn:cite2:hmt:msA.v1:294v,urn:cts:greekLit:tlg0012.tlg001:23.94-23.98
urn:cite2:hmt:msA.v1:294v,urn:cts:greekLit:tlg0012.tlg001:23.99-23.102
urn:cite2:hmt:msA.v1:294v,urn:cts:greekLit:tlg0012.tlg001:23.103-23.107
urn:cite2:hmt:msA.v1:294v,urn:cts:greekLit:tlg0012.tlg001:23.108-23.143
urn:cite2:hmt:msA.v1:295v,urn:cts:greekLit:tlg0012.tlg001:23.144-23.151
urn:cite2:hmt:msA.v1:295v,urn:cts:greekLit:tlg0012.tlg001:23.152-23.155
urn:cite2:hmt:msA.v1:295v,urn:cts:greekLit:tlg0012.tlg001:23.156-23.160
urn:cite2:hmt:msA.v1:295v,urn:cts:greekLit:tlg0012.tlg001:23.161-23.178
urn:cite2:hmt:msA.v1:296r,urn:cts:greekLit:tlg0012.tlg001:23.179-23.183
urn:cite2:hmt:msA.v1:296r,urn:cts:greekLit:tlg0012.tlg001:23.184-23.204
urn:cite2:hmt:msA.v1:296v,urn:cts:greekLit:tlg0012.tlg001:23.205-23.211
urn:cite2:hmt:msA.v1:296v,urn:cts:greekLit:tlg0012.tlg001:23.212-23.235
urn:cite2:hmt:msA.v1:297r,urn:cts:greekLit:tlg0012.tlg001:23.236-23.248
urn:cite2:hmt:msA.v1:297v,urn:cts:greekLit:tlg0012.tlg001:23.249-23.271
urn:cite2:hmt:msA.v1:298r,urn:cts:greekLit:tlg0012.tlg001:23.272-23.286
urn:cite2:hmt:msA.v1:298v,urn:cts:greekLit:tlg0012.tlg001:23.287-23.305
urn:cite2:hmt:msA.v1:298v,urn:cts:greekLit:tlg0012.tlg001:23.306-23.348
urn:cite2:hmt:msA.v1:299v,urn:cts:greekLit:tlg0012.tlg001:23.349-23.402
urn:cite2:hmt:msA.v1:300v,urn:cts:greekLit:tlg0012.tlg001:23.403-23.416
urn:cite2:hmt:msA.v1:301r,urn:cts:greekLit:tlg0012.tlg001:23.417-23.425
urn:cite2:hmt:msA.v1:301r,urn:cts:greekLit:tlg0012.tlg001:23.426-23.428
urn:cite2:hmt:msA.v1:301r,urn:cts:greekLit:tlg0012.tlg001:23.429-23.438
urn:cite2:hmt:msA.v1:301v,urn:cts:greekLit:tlg0012.tlg001:23.439-23.442
urn:cite2:hmt:msA.v1:301v,urn:cts:greekLit:tlg0012.tlg001:23.443-23.445
urn:cite2:hmt:msA.v1:301v,urn:cts:greekLit:tlg0012.tlg001:23.446-23.456
urn:cite2:hmt:msA.v1:301v,urn:cts:greekLit:tlg0012.tlg001:23.457-23.473
urn:cite2:hmt:msA.v1:302r,urn:cts:greekLit:tlg0012.tlg001:23.474-23.487
urn:cite2:hmt:msA.v1:302v,urn:cts:greekLit:tlg0012.tlg001:23.488-23.491
urn:cite2:hmt:msA.v1:302v,urn:cts:greekLit:tlg0012.tlg001:23.492-23.498
urn:cite2:hmt:msA.v1:302v,urn:cts:greekLit:tlg0012.tlg001:23.499-23.538
urn:cite2:hmt:msA.v1:303v,urn:cts:greekLit:tlg0012.tlg001:23.539-23.542
urn:cite2:hmt:msA.v1:303v,urn:cts:greekLit:tlg0012.tlg001:23.543-23.554
urn:cite2:hmt:msA.v1:303v,urn:cts:greekLit:tlg0012.tlg001:23.555-23.557
urn:cite2:hmt:msA.v1:303v,urn:cts:greekLit:tlg0012.tlg001:23.558-23.562
urn:cite2:hmt:msA.v1:304r,urn:cts:greekLit:tlg0012.tlg001:23.563-23.569
urn:cite2:hmt:msA.v1:304r,urn:cts:greekLit:tlg0012.tlg001:23.570-23.586
urn:cite2:hmt:msA.v1:304v,urn:cts:greekLit:tlg0012.tlg001:23.587-23.595
urn:cite2:hmt:msA.v1:304v,urn:cts:greekLit:tlg0012.tlg001:23.596-23.601
urn:cite2:hmt:msA.v1:304v,urn:cts:greekLit:tlg0012.tlg001:23.602-23.611
urn:cite2:hmt:msA.v1:305r,urn:cts:greekLit:tlg0012.tlg001:23.612-23.617
urn:cite2:hmt:msA.v1:305r,urn:cts:greekLit:tlg0012.tlg001:23.618-23.623
urn:cite2:hmt:msA.v1:305r,urn:cts:greekLit:tlg0012.tlg001:23.624-23.625
urn:cite2:hmt:msA.v1:305r,urn:cts:greekLit:tlg0012.tlg001:23.626-23.650
urn:cite2:hmt:msA.v1:305v,urn:cts:greekLit:tlg0012.tlg001:23.651-23.657
urn:cite2:hmt:msA.v1:305v,urn:cts:greekLit:tlg0012.tlg001:23.658-23.663
urn:cite2:hmt:msA.v1:306r,urn:cts:greekLit:tlg0012.tlg001:23.664-23.666
urn:cite2:hmt:msA.v1:306r,urn:cts:greekLit:tlg0012.tlg001:23.667-23.675
urn:cite2:hmt:msA.v1:306r,urn:cts:greekLit:tlg0012.tlg001:23.676-23.706
urn:cite2:hmt:msA.v1:306v,urn:cts:greekLit:tlg0012.tlg001:23.707-23.707
urn:cite2:hmt:msA.v1:306v,urn:cts:greekLit:tlg0012.tlg001:23.708-23.722
urn:cite2:hmt:msA.v1:307r,urn:cts:greekLit:tlg0012.tlg001:23.723-23.724
urn:cite2:hmt:msA.v1:307r,urn:cts:greekLit:tlg0012.tlg001:23.725-23.734
urn:cite2:hmt:msA.v1:307v,urn:cts:greekLit:tlg0012.tlg001:23.735-23.737
urn:cite2:hmt:msA.v1:307v,urn:cts:greekLit:tlg0012.tlg001:23.738-23.752
urn:cite2:hmt:msA.v1:307v,urn:cts:greekLit:tlg0012.tlg001:23.753-23.753
urn:cite2:hmt:msA.v1:307v,urn:cts:greekLit:tlg0012.tlg001:23.754-23.769
urn:cite2:hmt:msA.v1:308r,urn:cts:greekLit:tlg0012.tlg001:23.770-23.770
urn:cite2:hmt:msA.v1:308r,urn:cts:greekLit:tlg0012.tlg001:23.771-23.781
urn:cite2:hmt:msA.v1:308r,urn:cts:greekLit:tlg0012.tlg001:23.782-23.783
urn:cite2:hmt:msA.v1:308v,urn:cts:greekLit:tlg0012.tlg001:23.784-23.786
urn:cite2:hmt:msA.v1:308v,urn:cts:greekLit:tlg0012.tlg001:23.787-23.792
urn:cite2:hmt:msA.v1:308v,urn:cts:greekLit:tlg0012.tlg001:23.793-23.796
urn:cite2:hmt:msA.v1:308v,urn:cts:greekLit:tlg0012.tlg001:23.797-23.801
urn:cite2:hmt:msA.v1:308v,urn:cts:greekLit:tlg0012.tlg001:23.802-23.810
urn:cite2:hmt:msA.v1:309r,urn:cts:greekLit:tlg0012.tlg001:23.811-23.830
urn:cite2:hmt:msA.v1:309r,urn:cts:greekLit:tlg0012.tlg001:23.831-23.835
urn:cite2:hmt:msA.v1:309v,urn:cts:greekLit:tlg0012.tlg001:23.836-23.858
urn:cite2:hmt:msA.v1:309v,urn:cts:greekLit:tlg0012.tlg001:23.859-23.889
urn:cite2:hmt:msA.v1:310v,urn:cts:greekLit:tlg0012.tlg001:23.890-23.894
urn:cite2:hmt:msA.v1:310v,urn:cts:greekLit:tlg0012.tlg001:23.895-23.897
urn:cite2:hmt:msA.v1:310v,urn:cts:greekLit:tlg0012.tlg001:24.1-24.32
urn:cite2:hmt:msA.v1:311v,urn:cts:greekLit:tlg0012.tlg001:24.33-24.49
urn:cite2:hmt:msA.v1:311v,urn:cts:greekLit:tlg0012.tlg001:24.50-24.55
urn:cite2:hmt:msA.v1:312r,urn:cts:greekLit:tlg0012.tlg001:24.56-24.64
urn:cite2:hmt:msA.v1:312r,urn:cts:greekLit:tlg0012.tlg001:24.65-24.76
urn:cite2:hmt:msA.v1:312r,urn:cts:greekLit:tlg0012.tlg001:24.77-24.92
urn:cite2:hmt:msA.v1:313v,urn:cts:greekLit:tlg0012.tlg001:24.93-24.103
urn:cite2:hmt:msA.v1:313v,urn:cts:greekLit:tlg0012.tlg001:24.104-24.119
urn:cite2:hmt:msA.v1:313r,urn:cts:greekLit:tlg0012.tlg001:24.120-24.127
urn:cite2:hmt:msA.v1:313r,urn:cts:greekLit:tlg0012.tlg001:24.128-24.138
urn:cite2:hmt:msA.v1:313v,urn:cts:greekLit:tlg0012.tlg001:24.139-24.140
urn:cite2:hmt:msA.v1:313v,urn:cts:greekLit:tlg0012.tlg001:24.141-24.158
urn:cite2:hmt:msA.v1:314r,urn:cts:greekLit:tlg0012.tlg001:24.159-24.170
urn:cite2:hmt:msA.v1:314r,urn:cts:greekLit:tlg0012.tlg001:24.171-24.187
urn:cite2:hmt:msA.v1:314v,urn:cts:greekLit:tlg0012.tlg001:24.188-24.193
urn:cite2:hmt:msA.v1:314v,urn:cts:greekLit:tlg0012.tlg001:24.194-24.199
urn:cite2:hmt:msA.v1:314v,urn:cts:greekLit:tlg0012.tlg001:24.200-24.200
urn:cite2:hmt:msA.v1:314v,urn:cts:greekLit:tlg0012.tlg001:24.201-24.217
urn:cite2:hmt:msA.v1:315r,urn:cts:greekLit:tlg0012.tlg001:24.218-24.227
urn:cite2:hmt:msA.v1:315r,urn:cts:greekLit:tlg0012.tlg001:24.228-24.238
urn:cite2:hmt:msA.v1:315v,urn:cts:greekLit:tlg0012.tlg001:24.239-24.246
urn:cite2:hmt:msA.v1:315v,urn:cts:greekLit:tlg0012.tlg001:24.247-24.252
urn:cite2:hmt:msA.v1:315v,urn:cts:greekLit:tlg0012.tlg001:24.253-24.264
urn:cite2:hmt:msA.v1:316r,urn:cts:greekLit:tlg0012.tlg001:24.265-24.286
urn:cite2:hmt:msA.v1:316v,urn:cts:greekLit:tlg0012.tlg001:24.287-24.299
urn:cite2:hmt:msA.v1:316v,urn:cts:greekLit:tlg0012.tlg001:24.300-24.301
urn:cite2:hmt:msA.v1:316v,urn:cts:greekLit:tlg0012.tlg001:24.302-24.307
urn:cite2:hmt:msA.v1:317r,urn:cts:greekLit:tlg0012.tlg001:24.308-24.313
urn:cite2:hmt:msA.v1:317r,urn:cts:greekLit:tlg0012.tlg001:24.314-24.333
urn:cite2:hmt:msA.v1:317v,urn:cts:greekLit:tlg0012.tlg001:24.334-24.338
urn:cite2:hmt:msA.v1:317v,urn:cts:greekLit:tlg0012.tlg001:24.339-24.353
urn:cite2:hmt:msA.v1:317v,urn:cts:greekLit:tlg0012.tlg001:24.354-24.357
urn:cite2:hmt:msA.v1:318r,urn:cts:greekLit:tlg0012.tlg001:24.358-24.361
urn:cite2:hmt:msA.v1:318r,urn:cts:greekLit:tlg0012.tlg001:24.362-24.372
urn:cite2:hmt:msA.v1:318r,urn:cts:greekLit:tlg0012.tlg001:24.373-24.378
urn:cite2:hmt:msA.v1:318r,urn:cts:greekLit:tlg0012.tlg001:24.379-24.385
urn:cite2:hmt:msA.v1:318v,urn:cts:greekLit:tlg0012.tlg001:24.386-24.389
urn:cite2:hmt:msA.v1:318v,urn:cts:greekLit:tlg0012.tlg001:24.390-24.404
urn:cite2:hmt:msA.v1:(replacement pages)
urn:cite2:hmt:msA.v1:321r,urn:cts:greekLit:tlg0012.tlg001:24.505-24.506
urn:cite2:hmt:msA.v1:321r,urn:cts:greekLit:tlg0012.tlg001:24.507-24.517
urn:cite2:hmt:msA.v1:321r,urn:cts:greekLit:tlg0012.tlg001:24.518-24.552
urn:cite2:hmt:msA.v1:321v,urn:cts:greekLit:tlg0012.tlg001:24.553-24.559
urn:cite2:hmt:msA.v1:322r,urn:cts:greekLit:tlg0012.tlg001:24.560-24.570
urn:cite2:hmt:msA.v1:322r,urn:cts:greekLit:tlg0012.tlg001:24.571-24.591
urn:cite2:hmt:msA.v1:322v,urn:cts:greekLit:tlg0012.tlg001:24.592-24.595
urn:cite2:hmt:msA.v1:322v,urn:cts:greekLit:tlg0012.tlg001:24.596-24.598
urn:cite2:hmt:msA.v1:322v,urn:cts:greekLit:tlg0012.tlg001:24.599-24.620
urn:cite2:hmt:msA.v1:323r,urn:cts:greekLit:tlg0012.tlg001:24.621-24.634
urn:cite2:hmt:msA.v1:323v,urn:cts:greekLit:tlg0012.tlg001:24.635-24.642
urn:cite2:hmt:msA.v1:323v,urn:cts:greekLit:tlg0012.tlg001:24.643-24.649
urn:cite2:hmt:msA.v1:323v,urn:cts:greekLit:tlg0012.tlg001:24.650-24.659
urn:cite2:hmt:msA.v1:324r,urn:cts:greekLit:tlg0012.tlg001:24.660-24.667
urn:cite2:hmt:msA.v1:324r,urn:cts:greekLit:tlg0012.tlg001:24.668-24.670
urn:cite2:hmt:msA.v1:324r,urn:cts:greekLit:tlg0012.tlg001:24.671-24.682
urn:cite2:hmt:msA.v1:324v,urn:cts:greekLit:tlg0012.tlg001:24.683-24.688
urn:cite2:hmt:msA.v1:324v,urn:cts:greekLit:tlg0012.tlg001:24.689-24.691
urn:cite2:hmt:msA.v1:324v,urn:cts:greekLit:tlg0012.tlg001:24.692-24.703
urn:cite2:hmt:msA.v1:324v,urn:cts:greekLit:tlg0012.tlg001:24.704-24.706
urn:cite2:hmt:msA.v1:325r,urn:cts:greekLit:tlg0012.tlg001:24.707-24.715
urn:cite2:hmt:msA.v1:325r,urn:cts:greekLit:tlg0012.tlg001:24.716-24.717
urn:cite2:hmt:msA.v1:325r,urn:cts:greekLit:tlg0012.tlg001:24.718-24.724
urn:cite2:hmt:msA.v1:325r,urn:cts:greekLit:tlg0012.tlg001:24.725-24.745
urn:cite2:hmt:msA.v1:325v,urn:cts:greekLit:tlg0012.tlg001:24.746-24.747
urn:cite2:hmt:msA.v1:325v,urn:cts:greekLit:tlg0012.tlg001:24.748-24.759
urn:cite2:hmt:msA.v1:326r,urn:cts:greekLit:tlg0012.tlg001:24.760-24.775
urn:cite2:hmt:msA.v1:326r,urn:cts:greekLit:tlg0012.tlg001:24.776-24.781
urn:cite2:hmt:msA.v1:326v,urn:cts:greekLit:tlg0012.tlg001:24.782-24.804
urn:cite2:hmt:msA.v1:
